재무제표종류,종목코드,회사명,시장구분,업종,업종명,결산월,결산기준일,보고서종류,통화,항목코드,항목명,당기,전기,전전기,
" 포괄손익계산서, 은행 - 별도",[138930],BNK금융지주,유가증권시장상장법인,649,기타 금융업,12,2023-12-31,사업보고서,KRW,dart_GainLossFromFinancialInstrumentsAtFairValueThroughProfitOrLoss,      당기손익-공정가치측정금융상품관련손익,"5,406,600,000",0,0
" 포괄손익계산서, 은행 - 별도",[138930],BNK금융지주,유가증권시장상장법인,649,기타 금융업,12,2023-12-31,사업보고서,KRW,dart_NonOperatingProfitLoss,      영업외손익,"-29,591,408","-652,986,848","-962,942,378"
" 포괄손익계산서, 은행 - 별도",[138930],BNK금융지주,유가증권시장상장법인,649,기타 금융업,12,2023-12-31,사업보고서,KRW,dart_NonOperatingExpense,         기타비용,"-808,162,929","-778,394,011","-1,323,953,691"
" 포괄손익계산서, 은행 - 별도",[138930],BNK금융지주,유가증권시장상장법인,649,기타 금융업,12,2023-12-31,사업보고서,KRW,dart_NonOperatingIncome,         기타수익,"778,571,521","125,407,163","361,011,313"
" 포괄손익계산서, 은행 - 별도",[138930],BNK금융지주,유가증권시장상장법인,649,기타 금융업,12,2023-12-31,사업보고서,KRW,ifrs-full_ComprehensiveIncome,      총포괄손익,"313,562,662,956","307,699,504,948","204,918,275,542"
" 포괄손익계산서, 은행 - 별도",[138930],BNK금융지주,유가증권시장상장법인,649,기타 금융업,12,2023-12-31,사업보고서,KRW,ifrs-full_BasicEarningsLossPerShare,         보통주기본주당이익(손실),895,848,539
" 포괄손익계산서, 은행 - 별도",[138930],BNK금융지주,유가증권시장상장법인,649,기타 금융업,12,2023-12-31,사업보고서,KRW,ifrs-full_DilutedEarningsLossPerShare,         보통주희석주당이익(손실),895,848,539
" 포괄손익계산서, 은행 - 별도",[138930],BNK금융지주,유가증권시장상장법인,649,기타 금융업,12,2023-12-31,사업보고서,KRW,ifrs-full_FeeAndCommissionIncomeExpense,      순수수료손익,"7,642,621,031","7,613,091,184","7,429,022,348"
" 포괄손익계산서, 은행 - 별도",[138930],BNK금융지주,유가증권시장상장법인,649,기타 금융업,12,2023-12-31,사업보고서,KRW,ifrs-full_FeeAndCommissionExpense,         수수료비용,"-5,912,428,969","-2,379,258,816","-1,876,827,652"
" 포괄손익계산서, 은행 - 별도",[138930],BNK금융지주,유가증권시장상장법인,649,기타 금융업,12,2023-12-31,사업보고서,KRW,ifrs-full_FeeAndCommissionIncome,         수수료수익,"13,555,050,000","9,992,350,000","9,305,850,000"
" 포괄손익계산서, 은행 - 별도",[138930],BNK금융지주,유가증권시장상장법인,649,기타 금융업,12,2023-12-31,사업보고서,KRW,ifrs-full_IncomeTaxExpenseContinuingOperations,      법인세비용(수익),"-145,939,480",0,0
" 포괄손익계산서, 은행 - 별도",[138930],BNK금융지주,유가증권시장상장법인,649,기타 금융업,12,2023-12-31,사업보고서,KRW,ifrs-full_InterestRevenueExpense,      순이자손익,"-43,492,215,082","-29,818,516,169","-24,429,223,030"
" 포괄손익계산서, 은행 - 별도",[138930],BNK금융지주,유가증권시장상장법인,649,기타 금융업,12,2023-12-31,사업보고서,KRW,ifrs-full_InterestExpense,         이자비용,"-44,400,888,215","-30,520,055,045","-25,122,701,740"
" 포괄손익계산서, 은행 - 별도",[138930],BNK금융지주,유가증권시장상장법인,649,기타 금융업,12,2023-12-31,사업보고서,KRW,ifrs-full_RevenueFromInterest,         이자수익,"908,673,133","701,538,876","693,478,710"
" 포괄손익계산서, 은행 - 별도",[138930],BNK금융지주,유가증권시장상장법인,649,기타 금융업,12,2023-12-31,사업보고서,KRW,ifrs-full_OtherComprehensiveIncome,      기타포괄손익,"-551,592,807","2,443,202,474","-1,385,137,538"
" 포괄손익계산서, 은행 - 별도",[138930],BNK금융지주,유가증권시장상장법인,649,기타 금융업,12,2023-12-31,사업보고서,KRW,ifrs-full_OtherComprehensiveIncomeNetOfTaxGainsLossesOnRemeasurementsOfDefinedBenefitPlans,            확정급여제도의재측정요소,"-551,592,807","2,443,202,474","-1,385,137,538"
" 포괄손익계산서, 은행 - 별도",[138930],BNK금융지주,유가증권시장상장법인,649,기타 금융업,12,2023-12-31,사업보고서,KRW,ifrs-full_ProfitLoss,      당기순이익(손실),"314,114,255,763","305,256,302,474","206,303,413,080"
" 포괄손익계산서, 은행 - 별도",[138930],BNK금융지주,유가증권시장상장법인,649,기타 금융업,12,2023-12-31,사업보고서,KRW,ifrs-full_ProfitLossBeforeTax,      법인세차감전순이익,"314,260,195,243","305,256,302,474","206,303,413,080"
" 포괄손익계산서, 은행 - 별도",[138930],BNK금융지주,유가증권시장상장법인,649,기타 금융업,12,2023-12-31,사업보고서,KRW,ifrs-full_ProfitLossFromOperatingActivities,      영업이익(손실),"314,289,786,651","305,909,289,322","207,266,355,458"
" 포괄손익계산서, 은행 - 별도",[138930],BNK금융지주,유가증권시장상장법인,649,기타 금융업,12,2023-12-31,사업보고서,KRW,ifrs-full_RevenueFromDividends,      배당금수익,"393,000,000,000","372,000,000,000","270,016,784,656"
" 포괄손익계산서, 은행 - 별도",[138930],BNK금융지주,유가증권시장상장법인,649,기타 금융업,12,2023-12-31,사업보고서,KRW,ifrs-full_ReversalAllowanceAccountForCreditLossesOfFinancialAssets,      신용손실충당금 환입액,"30,215,367","-30,215,367",0
" 포괄손익계산서, 은행 - 별도",[138930],BNK금융지주,유가증권시장상장법인,649,기타 금융업,12,2023-12-31,사업보고서,KRW,ifrs-full_SellingGeneralAndAdministrativeExpense,      판매비및일반관리비,"-48,297,434,665","-43,855,070,326","-45,750,228,516"
" 포괄손익계산서, 은행 - 별도",[192520],경남은행,기타법인,641,은행 및 저축기관,12,2023-12-31,사업보고서,KRW,dart_AdjustedProfitLossNetOfRegulatoryReserveForCreditLoss,      대손준비금 반영후 조정이익(손실),"313,340,450,336","388,971,852,297","160,591,605,092"
" 포괄손익계산서, 은행 - 별도",[192520],경남은행,기타법인,641,은행 및 저축기관,12,2023-12-31,사업보고서,KRW,dart_GainLossFromDerivativesHeldForHedging,      파생상품관련손익,"-2,115,117,019","-6,879,869,165","3,156,537,924"
" 포괄손익계산서, 은행 - 별도",[192520],경남은행,기타법인,641,은행 및 저축기관,12,2023-12-31,사업보고서,KRW,dart_GainLossFromFinancialInstrumentsAtAmortisedCost,      상각후원가금융자산관련손익,-12,"-148,498","-175,682,283"
" 포괄손익계산서, 은행 - 별도",[192520],경남은행,기타법인,641,은행 및 저축기관,12,2023-12-31,사업보고서,KRW,dart_GainLossFromFinancialInstrumentsAtFairValueThroughOtherComprehensiveIncome,      기타포괄손익-공정가치금융자산관련손익,"2,543,155,680","-842,889,809","3,868,439,532"
" 포괄손익계산서, 은행 - 별도",[192520],경남은행,기타법인,641,은행 및 저축기관,12,2023-12-31,사업보고서,KRW,dart_GainLossFromFinancialInstrumentsAtFairValueThroughProfitOrLoss,      당기손익-공정가치금융자산관련손익,"81,291,835,660","41,689,208,934","26,824,343,650"
" 포괄손익계산서, 은행 - 별도",[192520],경남은행,기타법인,641,은행 및 저축기관,12,2023-12-31,사업보고서,KRW,dart_NonOperatingProfitLoss,      영업외손익,"6,142,406,655","21,593,379,463","-53,874,077,035"
" 포괄손익계산서, 은행 - 별도",[192520],경남은행,기타법인,641,은행 및 저축기관,12,2023-12-31,사업보고서,KRW,entity01030132_GainOnDisposalOfLoansOfStatementOfComprehensiveIncomeAbstract,      대출채권매각손익,"15,633,898,088","33,410,217,015","23,612,273,931"
" 포괄손익계산서, 은행 - 별도",[192520],경남은행,기타법인,641,은행 및 저축기관,12,2023-12-31,사업보고서,KRW,ifrs-full_AdditionalAllowanceRecognisedInProfitOrLossAllowanceAccountForCreditLossesOfFinancialAssets,      신용손실에 대한 손상차손,"187,664,583,305","163,292,309,807","117,010,044,894"
" 포괄손익계산서, 은행 - 별도",[192520],경남은행,기타법인,641,은행 및 저축기관,12,2023-12-31,사업보고서,KRW,ifrs-full_ComprehensiveIncome,      총포괄손익,"302,680,388,762","288,006,931,596","182,661,485,519"
" 포괄손익계산서, 은행 - 별도",[192520],경남은행,기타법인,641,은행 및 저축기관,12,2023-12-31,사업보고서,KRW,ifrs-full_BasicEarningsLossPerShare,         보통주기본주당이익(손실),"2,711","3,261","2,080"
" 포괄손익계산서, 은행 - 별도",[192520],경남은행,기타법인,641,은행 및 저축기관,12,2023-12-31,사업보고서,KRW,ifrs-full_DilutedEarningsLossPerShare,         보통주희석주당이익(손실),"2,711","3,261","2,080"
" 포괄손익계산서, 은행 - 별도",[192520],경남은행,기타법인,641,은행 및 저축기관,12,2023-12-31,사업보고서,KRW,ifrs-full_FeeAndCommissionIncomeExpense,      순수수료이익,"55,159,410,691","69,130,814,736","87,799,879,141"
" 포괄손익계산서, 은행 - 별도",[192520],경남은행,기타법인,641,은행 및 저축기관,12,2023-12-31,사업보고서,KRW,ifrs-full_FeeAndCommissionExpense,         수수료비용,"47,000,421,874","43,564,735,378","41,539,165,039"
" 포괄손익계산서, 은행 - 별도",[192520],경남은행,기타법인,641,은행 및 저축기관,12,2023-12-31,사업보고서,KRW,ifrs-full_FeeAndCommissionIncome,         수수료수익,"102,159,832,565","112,695,550,114","129,339,044,180"
" 포괄손익계산서, 은행 - 별도",[192520],경남은행,기타법인,641,은행 및 저축기관,12,2023-12-31,사업보고서,KRW,ifrs-full_IncomeTaxExpenseContinuingOperations,      법인세비용,"69,986,740,093","93,900,287,795","61,978,044,698"
" 포괄손익계산서, 은행 - 별도",[192520],경남은행,기타법인,641,은행 및 저축기관,12,2023-12-31,사업보고서,KRW,ifrs-full_InterestRevenueExpense,      순이자이익,"987,692,062,847","984,351,839,515","876,253,814,962"
" 포괄손익계산서, 은행 - 별도",[192520],경남은행,기타법인,641,은행 및 저축기관,12,2023-12-31,사업보고서,KRW,ifrs-full_InterestExpense,         이자비용,"1,310,680,915,946","631,957,331,308","328,307,205,250"
" 포괄손익계산서, 은행 - 별도",[192520],경남은행,기타법인,641,은행 및 저축기관,12,2023-12-31,사업보고서,KRW,ifrs-full_RevenueFromInterest,         이자수익,"2,298,372,978,793","1,616,309,170,823","1,204,561,020,212"
" 포괄손익계산서, 은행 - 별도",[192520],경남은행,기타법인,641,은행 및 저축기관,12,2023-12-31,사업보고서,KRW,entity01030132_OtherInterestIncomeOfRevenueFromInterest,            기타의 이자수익,"12,395,583,947","8,545,509,158","7,628,156,937"
" 포괄손익계산서, 은행 - 별도",[192520],경남은행,기타법인,641,은행 및 저축기관,12,2023-12-31,사업보고서,KRW,ifrs-full_InterestRevenueCalculatedUsingEffectiveInterestMethod,            유효이자율법에 따른 이자수익,"2,285,977,394,846","1,607,763,661,665","1,196,932,863,275"
" 포괄손익계산서, 은행 - 별도",[192520],경남은행,기타법인,641,은행 및 저축기관,12,2023-12-31,사업보고서,KRW,ifrs-full_InterestIncomeForFinancialAssetsMeasuredAtAmortisedCost,               상각후원가금융자산 이자수익,"2,216,712,252,907","1,575,472,633,541","1,171,344,420,958"
" 포괄손익계산서, 은행 - 별도",[192520],경남은행,기타법인,641,은행 및 저축기관,12,2023-12-31,사업보고서,KRW,ifrs-full_InterestRevenueForFinancialAssetsMeasuredAtFairValueThroughOtherComprehensiveIncome,               기타포괄손익-공정가치금융자산 이자수익,"69,265,141,939","32,291,028,124","25,588,442,317"
" 포괄손익계산서, 은행 - 별도",[192520],경남은행,기타법인,641,은행 및 저축기관,12,2023-12-31,사업보고서,KRW,ifrs-full_OtherComprehensiveIncome,      기타포괄손익,"47,168,938,426","-19,901,920,701","-19,782,119,573"
" 포괄손익계산서, 은행 - 별도",[192520],경남은행,기타법인,641,은행 및 저축기관,12,2023-12-31,사업보고서,KRW,entity01030132_ReversalOfImpairmentLossForDebtSecuritiesAtFvociOfComponentsOfOtherComprehensiveIncomeThatWillBeReclassifiedToProfitOrLossNetOfTaxAbstract,            기타포괄손익인식채무증권대손상각비환입,"403,874,780","26,374,804","-182,420,235"
" 포괄손익계산서, 은행 - 별도",[192520],경남은행,기타법인,641,은행 및 저축기관,12,2023-12-31,사업보고서,KRW,ifrs-full_OtherComprehensiveIncomeNetOfTaxFinancialAssetsMeasuredAtFairValueThroughOtherComprehensiveIncome,            기타포괄손익-공정가치채무상품평가손익,"60,566,598,995","-52,747,365,424","-24,071,705,924"
" 포괄손익계산서, 은행 - 별도",[192520],경남은행,기타법인,641,은행 및 저축기관,12,2023-12-31,사업보고서,KRW,ifrs-full_OtherComprehensiveIncomeNetOfTaxGainsLossesFromInvestmentsInEquityInstruments,            기타포괄손익-공정가치지분상품평가손익,"-851,182,917","-818,570,928","-84,711,900"
" 포괄손익계산서, 은행 - 별도",[192520],경남은행,기타법인,641,은행 및 저축기관,12,2023-12-31,사업보고서,KRW,ifrs-full_OtherComprehensiveIncomeNetOfTaxGainsLossesOnRemeasurementsOfDefinedBenefitPlans,            확정급여제도의재측정요소,"-12,950,352,432","33,637,640,847","4,556,718,486"
" 포괄손익계산서, 은행 - 별도",[192520],경남은행,기타법인,641,은행 및 저축기관,12,2023-12-31,사업보고서,KRW,ifrs-full_OtherOperatingIncomeExpense,      기타영업손익,"-151,392,788,829","-109,071,456,915","-103,139,077,834"
" 포괄손익계산서, 은행 - 별도",[192520],경남은행,기타법인,641,은행 및 저축기관,12,2023-12-31,사업보고서,KRW,ifrs-full_ProfitLoss,      당기순이익(손실),"255,511,450,336","307,908,852,297","202,443,605,092"
" 포괄손익계산서, 은행 - 별도",[192520],경남은행,기타법인,641,은행 및 저축기관,12,2023-12-31,사업보고서,KRW,ifrs-full_ProfitLossBeforeTax,      법인세차감전순이익,"325,498,190,429","401,809,140,092","264,421,649,790"
" 포괄손익계산서, 은행 - 별도",[192520],경남은행,기타법인,641,은행 및 저축기관,12,2023-12-31,사업보고서,KRW,ifrs-full_ProfitLossFromOperatingActivities,      영업이익(손실),"319,355,783,774","380,215,760,629","318,295,726,825"
" 포괄손익계산서, 은행 - 별도",[192520],경남은행,기타법인,641,은행 및 저축기관,12,2023-12-31,사업보고서,KRW,ifrs-full_SellingGeneralAndAdministrativeExpense,      일반관리비,"481,792,090,027","468,279,645,377","482,894,757,304"
" 포괄손익계산서, 은행 - 별도",[192530],광주은행,기타법인,641,은행 및 저축기관,12,2023-12-31,사업보고서,KRW,dart_AdjustedProfitLossNetOfRegulatoryReserveForCreditLoss,      대손준비금 반영후 조정이익(손실),"277,142,635,996","286,432,276,940","186,739,624,373"
" 포괄손익계산서, 은행 - 별도",[192530],광주은행,기타법인,641,은행 및 저축기관,12,2023-12-31,사업보고서,KRW,dart_GainLossFromFinancialInstrumentsAtFairValueThroughOtherComprehensiveIncome,      기타포괄손익-공정가치측정금융상품관련손익,"39,450,419","-3,351,888","3,919,371,483"
" 포괄손익계산서, 은행 - 별도",[192530],광주은행,기타법인,641,은행 및 저축기관,12,2023-12-31,사업보고서,KRW,dart_GainLossFromFinancialInstrumentsAtFairValueThroughProfitOrLoss,      당기손익-공정가치측정금융상품관련손익,"23,916,004,999","30,755,224,438","26,101,748,667"
" 포괄손익계산서, 은행 - 별도",[192530],광주은행,기타법인,641,은행 및 저축기관,12,2023-12-31,사업보고서,KRW,dart_NonOperatingProfitLoss,      영업외손익,"-4,015,374,931","-2,149,386,414","-1,406,440,784"
" 포괄손익계산서, 은행 - 별도",[192530],광주은행,기타법인,641,은행 및 저축기관,12,2023-12-31,사업보고서,KRW,ifrs-full_AdditionalAllowanceRecognisedInProfitOrLossAllowanceAccountForCreditLossesOfFinancialAssets,      신용손실에 대한 손상차손,"-196,381,789,641","-84,389,074,499","-37,655,946,793"
" 포괄손익계산서, 은행 - 별도",[192530],광주은행,기타법인,641,은행 및 저축기관,12,2023-12-31,사업보고서,KRW,ifrs-full_ComprehensiveIncome,      총포괄손익,"271,322,741,080","233,822,402,301","183,390,771,761"
" 포괄손익계산서, 은행 - 별도",[192530],광주은행,기타법인,641,은행 및 저축기관,12,2023-12-31,사업보고서,KRW,ifrs-full_BasicEarningsLossPerShare,         기본주당이익,"4,588","4,862","3,728"
" 포괄손익계산서, 은행 - 별도",[192530],광주은행,기타법인,641,은행 및 저축기관,12,2023-12-31,사업보고서,KRW,ifrs-full_DilutedEarningsLossPerShare,         희석주당이익,"4,588","4,862","3,728"
" 포괄손익계산서, 은행 - 별도",[192530],광주은행,기타법인,641,은행 및 저축기관,12,2023-12-31,사업보고서,KRW,ifrs-full_FeeAndCommissionIncomeExpense,      순수수료이익,"33,371,325,772","21,968,113,499","21,951,961,141"
" 포괄손익계산서, 은행 - 별도",[192530],광주은행,기타법인,641,은행 및 저축기관,12,2023-12-31,사업보고서,KRW,ifrs-full_FeeAndCommissionExpense,         수수료비용,"64,509,521,140","62,115,504,487","54,376,365,274"
" 포괄손익계산서, 은행 - 별도",[192530],광주은행,기타법인,641,은행 및 저축기관,12,2023-12-31,사업보고서,KRW,ifrs-full_FeeAndCommissionIncome,         수수료수익,"97,880,846,912","84,083,617,986","76,328,326,415"
" 포괄손익계산서, 은행 - 별도",[192530],광주은행,기타법인,641,은행 및 저축기관,12,2023-12-31,사업보고서,KRW,ifrs-full_IncomeTaxExpenseContinuingOperations,      법인세비용,"68,693,437,818","82,484,406,148","64,037,255,767"
" 포괄손익계산서, 은행 - 별도",[192530],광주은행,기타법인,641,은행 및 저축기관,12,2023-12-31,사업보고서,KRW,ifrs-full_InterestRevenueExpense,      순이자이익,"843,735,331,806","770,245,112,809","645,364,602,162"
" 포괄손익계산서, 은행 - 별도",[192530],광주은행,기타법인,641,은행 및 저축기관,12,2023-12-31,사업보고서,KRW,ifrs-full_InterestExpense,         이자비용,"638,625,964,124","312,006,239,684","158,185,660,696"
" 포괄손익계산서, 은행 - 별도",[192530],광주은행,기타법인,641,은행 및 저축기관,12,2023-12-31,사업보고서,KRW,ifrs-full_RevenueFromInterest,         이자수익,"1,482,361,295,930","1,082,251,352,493","803,550,262,858"
" 포괄손익계산서, 은행 - 별도",[192530],광주은행,기타법인,641,은행 및 저축기관,12,2023-12-31,사업보고서,KRW,ifrs-full_InterestIncomeOnFinancialAssetsDesignatedAtFairValueThroughProfitOrLoss,            기타이자수익,0,"1,268,942",0
" 포괄손익계산서, 은행 - 별도",[192530],광주은행,기타법인,641,은행 및 저축기관,12,2023-12-31,사업보고서,KRW,ifrs-full_InterestRevenueCalculatedUsingEffectiveInterestMethod,            유효이자율적용이자수익,"1,482,361,295,930","1,082,250,083,551","803,550,262,858"
" 포괄손익계산서, 은행 - 별도",[192530],광주은행,기타법인,641,은행 및 저축기관,12,2023-12-31,사업보고서,KRW,ifrs-full_OtherComprehensiveIncome,      기타포괄손익,"31,595,288,709","-20,890,548,054","-13,127,483,283"
" 포괄손익계산서, 은행 - 별도",[192530],광주은행,기타법인,641,은행 및 저축기관,12,2023-12-31,사업보고서,KRW,ifrs-full_OtherComprehensiveIncomeNetOfTaxFinancialAssetsMeasuredAtFairValueThroughOtherComprehensiveIncome,            기타포괄손익-공정가치 측정 채무증권 평가손익,"45,835,085,201","-35,806,187,765","-19,501,792,437"
" 포괄손익계산서, 은행 - 별도",[192530],광주은행,기타법인,641,은행 및 저축기관,12,2023-12-31,사업보고서,KRW,ifrs-full_OtherComprehensiveIncomeNetOfTaxGainsLossesFromInvestmentsInEquityInstruments,            기타포괄손익-공정가치 측정 지분상품 평가손익,"3,721,890,407","-5,017,844,799","902,753,510"
" 포괄손익계산서, 은행 - 별도",[192530],광주은행,기타법인,641,은행 및 저축기관,12,2023-12-31,사업보고서,KRW,ifrs-full_OtherComprehensiveIncomeNetOfTaxGainsLossesOnRemeasurementsOfDefinedBenefitPlans,            확정급여제도의재측정요소,"-17,961,686,899","19,933,484,510","5,471,555,644"
" 포괄손익계산서, 은행 - 별도",[192530],광주은행,기타법인,641,은행 및 저축기관,12,2023-12-31,사업보고서,KRW,ifrs-full_OtherOperatingIncomeExpense,      기타영업손익,"-63,920,904,419","-84,523,097,989","-76,046,898,258"
" 포괄손익계산서, 은행 - 별도",[192530],광주은행,기타법인,641,은행 및 저축기관,12,2023-12-31,사업보고서,KRW,ifrs-full_ProfitLoss,      당기순이익,"239,727,452,371","254,712,950,355","196,518,255,044"
" 포괄손익계산서, 은행 - 별도",[192530],광주은행,기타법인,641,은행 및 저축기관,12,2023-12-31,사업보고서,KRW,ifrs-full_ProfitLossBeforeTax,      법인세차감전순이익,"308,420,890,189","337,197,356,503","260,555,510,811"
" 포괄손익계산서, 은행 - 별도",[192530],광주은행,기타법인,641,은행 및 저축기관,12,2023-12-31,사업보고서,KRW,ifrs-full_ProfitLossFromOperatingActivities,      영업이익,"312,436,265,120","339,346,742,917","261,961,951,595"
" 포괄손익계산서, 은행 - 별도",[192530],광주은행,기타법인,641,은행 및 저축기관,12,2023-12-31,사업보고서,KRW,ifrs-full_RevenueFromDividends,      배당수익,"2,925,665,524","1,304,869,266","1,313,337,184"
" 포괄손익계산서, 은행 - 별도",[192530],광주은행,기타법인,641,은행 및 저축기관,12,2023-12-31,사업보고서,KRW,ifrs-full_SellingGeneralAndAdministrativeExpense,      일반관리비,"-331,248,819,340","-316,011,052,719","-322,986,223,991"
" 포괄손익계산서, 은행 - 별도",[060000],국민은행,기타법인,641,은행 및 저축기관,12,2023-12-31,사업보고서,KRW,dart_AdjustedProfitLossNetOfRegulatoryReserveForCreditLoss,      대손준비금 반영후 조정이익,"3,385,431,000,000","2,837,315,000,000","2,282,339,000,000"
" 포괄손익계산서, 은행 - 별도",[060000],국민은행,기타법인,641,은행 및 저축기관,12,2023-12-31,사업보고서,KRW,dart_GainLossFromFinancialInstrumentsAtFairValueThroughProfitOrLoss,      당기손익-공정가치측정 금융상품 순손익,"657,496,000,000","354,180,000,000","352,958,000,000"
" 포괄손익계산서, 은행 - 별도",[060000],국민은행,기타법인,641,은행 및 저축기관,12,2023-12-31,사업보고서,KRW,dart_NonOperatingProfitLoss,      영업외손익,"-380,077,000,000","-372,517,000,000","5,395,000,000"
" 포괄손익계산서, 은행 - 별도",[060000],국민은행,기타법인,641,은행 및 저축기관,12,2023-12-31,사업보고서,KRW,dart_OperatingIncomeLoss,      영업이익,"4,428,486,000,000","4,328,921,000,000","3,489,717,000,000"
" 포괄손익계산서, 은행 - 별도",[060000],국민은행,기타법인,641,은행 및 저축기관,12,2023-12-31,사업보고서,KRW,entity00386937_OperatingIncomeBeforeProvisionForCreditLossesOfStatementOfComprehensiveIncomeAbstract,      신용손실충당금 반영전 영업이익,"5,591,813,000,000","4,790,271,000,000","3,846,280,000,000"
" 포괄손익계산서, 은행 - 별도",[060000],국민은행,기타법인,641,은행 및 저축기관,12,2023-12-31,사업보고서,KRW,ifrs-full_AdditionalAllowanceRecognisedInProfitOrLossAllowanceAccountForCreditLossesOfFinancialAssets,      신용손실충당금 전입액,"1,163,327,000,000","461,350,000,000","356,563,000,000"
" 포괄손익계산서, 은행 - 별도",[060000],국민은행,기타법인,641,은행 및 저축기관,12,2023-12-31,사업보고서,KRW,ifrs-full_ComprehensiveIncome,      총포괄이익,"3,656,131,000,000","1,702,419,000,000","3,099,874,000,000"
" 포괄손익계산서, 은행 - 별도",[060000],국민은행,기타법인,641,은행 및 저축기관,12,2023-12-31,사업보고서,KRW,ifrs-full_FeeAndCommissionIncomeExpense,      순수수료이익,"1,181,398,000,000","1,100,826,000,000","1,188,632,000,000"
" 포괄손익계산서, 은행 - 별도",[060000],국민은행,기타법인,641,은행 및 저축기관,12,2023-12-31,사업보고서,KRW,ifrs-full_FeeAndCommissionExpense,         수수료비용,"408,956,000,000","411,404,000,000","383,553,000,000"
" 포괄손익계산서, 은행 - 별도",[060000],국민은행,기타법인,641,은행 및 저축기관,12,2023-12-31,사업보고서,KRW,ifrs-full_FeeAndCommissionIncome,         수수료수익,"1,590,354,000,000","1,512,230,000,000","1,572,185,000,000"
" 포괄손익계산서, 은행 - 별도",[060000],국민은행,기타법인,641,은행 및 저축기관,12,2023-12-31,사업보고서,KRW,ifrs-full_IncomeTaxExpenseContinuingOperations,      법인세비용,"1,047,252,000,000","1,048,184,000,000","931,754,000,000"
" 포괄손익계산서, 은행 - 별도",[060000],국민은행,기타법인,641,은행 및 저축기관,12,2023-12-31,사업보고서,KRW,ifrs-full_InterestRevenueExpense,      순이자손익,"9,308,305,000,000","8,559,202,000,000","7,131,315,000,000"
" 포괄손익계산서, 은행 - 별도",[060000],국민은행,기타법인,641,은행 및 저축기관,12,2023-12-31,사업보고서,KRW,ifrs-full_InterestExpense,         이자비용,"11,566,388,000,000","5,402,820,000,000","2,359,527,000,000"
" 포괄손익계산서, 은행 - 별도",[060000],국민은행,기타법인,641,은행 및 저축기관,12,2023-12-31,사업보고서,KRW,ifrs-full_RevenueFromInterest,         이자수익,"20,874,693,000,000","13,962,022,000,000","9,490,842,000,000"
" 포괄손익계산서, 은행 - 별도",[060000],국민은행,기타법인,641,은행 및 저축기관,12,2023-12-31,사업보고서,KRW,ifrs-full_InterestIncomeOnFinancialAssetsDesignatedAtFairValueThroughProfitOrLoss,            당기손익-공정가치측정 금융상품 이자수익,"333,127,000,000","197,768,000,000","74,761,000,000"
" 포괄손익계산서, 은행 - 별도",[060000],국민은행,기타법인,641,은행 및 저축기관,12,2023-12-31,사업보고서,KRW,ifrs-full_InterestRevenueCalculatedUsingEffectiveInterestMethod,            상각후원가측정 및 기타포괄손익-공정가치측정 금융상품 이자수익,"20,541,566,000,000","13,764,254,000,000","9,416,081,000,000"
" 포괄손익계산서, 은행 - 별도",[060000],국민은행,기타법인,641,은행 및 저축기관,12,2023-12-31,사업보고서,KRW,ifrs-full_OtherComprehensiveIncome,      법인세비용차감후 당기기타포괄손익,"654,974,000,000","-1,205,801,000,000","536,516,000,000"
" 포괄손익계산서, 은행 - 별도",[060000],국민은행,기타법인,641,은행 및 저축기관,12,2023-12-31,사업보고서,KRW,ifrs-full_OtherComprehensiveIncomeNetOfTaxCashFlowHedges,            현금흐름위험회피수단의 손익,"-12,904,000,000","34,010,000,000","9,984,000,000"
" 포괄손익계산서, 은행 - 별도",[060000],국민은행,기타법인,641,은행 및 저축기관,12,2023-12-31,사업보고서,KRW,ifrs-full_OtherComprehensiveIncomeNetOfTaxExchangeDifferencesOnTranslation,            외환차이,"-2,877,000,000","-2,022,000,000","3,957,000,000"
" 포괄손익계산서, 은행 - 별도",[060000],국민은행,기타법인,641,은행 및 저축기관,12,2023-12-31,사업보고서,KRW,ifrs-full_OtherComprehensiveIncomeNetOfTaxFinancialAssetsMeasuredAtFairValueThroughOtherComprehensiveIncome,            기타포괄손익-공정가치측정 채무상품 관련손익,"695,111,000,000","-461,689,000,000","-278,186,000,000"
" 포괄손익계산서, 은행 - 별도",[060000],국민은행,기타법인,641,은행 및 저축기관,12,2023-12-31,사업보고서,KRW,ifrs-full_OtherComprehensiveIncomeNetOfTaxGainsLossesFromInvestmentsInEquityInstruments,            기타포괄손익-공정가치 측정 지분상품 관련손익,"26,125,000,000","-953,990,000,000","873,707,000,000"
" 포괄손익계산서, 은행 - 별도",[060000],국민은행,기타법인,641,은행 및 저축기관,12,2023-12-31,사업보고서,KRW,ifrs-full_OtherComprehensiveIncomeNetOfTaxGainsLossesOnRemeasurementsOfDefinedBenefitPlans,            순확정급여부채 재측정요소,"-50,481,000,000","177,890,000,000","-72,946,000,000"
" 포괄손익계산서, 은행 - 별도",[060000],국민은행,기타법인,641,은행 및 저축기관,12,2023-12-31,사업보고서,KRW,ifrs-full_OtherOperatingIncomeExpense,      기타영업손익,"-1,399,538,000,000","-929,600,000,000","-818,957,000,000"
" 포괄손익계산서, 은행 - 별도",[060000],국민은행,기타법인,641,은행 및 저축기관,12,2023-12-31,사업보고서,KRW,ifrs-full_ProfitLoss,      당기순이익,"3,001,157,000,000","2,908,220,000,000","2,563,358,000,000"
" 포괄손익계산서, 은행 - 별도",[060000],국민은행,기타법인,641,은행 및 저축기관,12,2023-12-31,사업보고서,KRW,ifrs-full_ProfitLossBeforeTax,      법인세비용차감전순이익,"4,048,409,000,000","3,956,404,000,000","3,495,112,000,000"
" 포괄손익계산서, 은행 - 별도",[060000],국민은행,기타법인,641,은행 및 저축기관,12,2023-12-31,사업보고서,KRW,ifrs-full_SellingGeneralAndAdministrativeExpense,      일반관리비,"4,155,848,000,000","4,294,337,000,000","4,007,668,000,000"
" 포괄손익계산서, 은행 - 별도",[024110],기업은행,유가증권시장상장법인,641,은행 및 저축기관,12,2023-12-31,사업보고서,KRW,dart_AdjustedProfitLossNetOfRegulatoryReserveForCreditLoss,      대손준비금 반영 후 조정이익,"2,353,644,000,000","2,204,343,000,000","1,852,675,000,000"
" 포괄손익계산서, 은행 - 별도",[024110],기업은행,유가증권시장상장법인,641,은행 및 저축기관,12,2023-12-31,사업보고서,KRW,dart_GainLossFromDerivativesHeldForHedging,      위험회피회계관련 순손익,"33,475,000,000","-19,367,000,000","-6,922,000,000"
" 포괄손익계산서, 은행 - 별도",[024110],기업은행,유가증권시장상장법인,641,은행 및 저축기관,12,2023-12-31,사업보고서,KRW,dart_GainLossFromFinancialInstrumentsAtFairValueThroughOtherComprehensiveIncome,      기타포괄손익금융자산 관련 순손익,"116,436,000,000","65,536,000,000","88,547,000,000"
" 포괄손익계산서, 은행 - 별도",[024110],기업은행,유가증권시장상장법인,641,은행 및 저축기관,12,2023-12-31,사업보고서,KRW,dart_GainLossFromFinancialInstrumentsAtFairValueThroughProfitOrLoss,      당기손익금융상품 관련 순손익,"419,885,000,000","103,302,000,000","385,685,000,000"
" 포괄손익계산서, 은행 - 별도",[024110],기업은행,유가증권시장상장법인,641,은행 및 저축기관,12,2023-12-31,사업보고서,KRW,dart_NonOperatingProfitLoss,      영업외손익,"81,950,000,000","18,327,000,000","-3,912,000,000"
" 포괄손익계산서, 은행 - 별도",[024110],기업은행,유가증권시장상장법인,641,은행 및 저축기관,12,2023-12-31,사업보고서,KRW,dart_OtherOperatingExpense,      기타영업비용,"1,244,712,000,000","913,764,000,000","800,295,000,000"
" 포괄손익계산서, 은행 - 별도",[024110],기업은행,유가증권시장상장법인,641,은행 및 저축기관,12,2023-12-31,사업보고서,KRW,dart_OtherOperatingIncome,      기타영업수익,"153,108,000,000","139,415,000,000","188,946,000,000"
" 포괄손익계산서, 은행 - 별도",[024110],기업은행,유가증권시장상장법인,641,은행 및 저축기관,12,2023-12-31,사업보고서,KRW,entity00149646_udf_IS_20231030142039131OfStatementOfComprehensiveIncomeAbstract,      순영업이익,"6,752,270,000,000","6,544,556,000,000","5,777,194,000,000"
" 포괄손익계산서, 은행 - 별도",[024110],기업은행,유가증권시장상장법인,641,은행 및 저축기관,12,2023-12-31,사업보고서,KRW,entity00149646_udf_IS_20231030142040472OfStatementOfComprehensiveIncomeAbstract,      총영업이익,"8,684,259,000,000","7,989,569,000,000","6,717,542,000,000"
" 포괄손익계산서, 은행 - 별도",[024110],기업은행,유가증권시장상장법인,641,은행 및 저축기관,12,2023-12-31,사업보고서,KRW,ifrs-full_ComprehensiveIncome,      연결총포괄이익,"2,655,996,000,000","2,304,400,000,000","2,004,989,000,000"
" 포괄손익계산서, 은행 - 별도",[024110],기업은행,유가증권시장상장법인,641,은행 및 저축기관,12,2023-12-31,사업보고서,KRW,ifrs-full_BasicEarningsLossPerShare,         기본주당이익,"2,838","2,920","2,389"
" 포괄손익계산서, 은행 - 별도",[024110],기업은행,유가증권시장상장법인,641,은행 및 저축기관,12,2023-12-31,사업보고서,KRW,ifrs-full_DilutedEarningsLossPerShare,         희석주당이익,"2,838","2,920","2,389"
" 포괄손익계산서, 은행 - 별도",[024110],기업은행,유가증권시장상장법인,641,은행 및 저축기관,12,2023-12-31,사업보고서,KRW,ifrs-full_FeeAndCommissionIncomeExpense,      순수수료손익,"330,663,000,000","360,397,000,000","385,900,000,000"
" 포괄손익계산서, 은행 - 별도",[024110],기업은행,유가증권시장상장법인,641,은행 및 저축기관,12,2023-12-31,사업보고서,KRW,ifrs-full_FeeAndCommissionExpense,         수수료비용,"323,626,000,000","297,067,000,000","306,055,000,000"
" 포괄손익계산서, 은행 - 별도",[024110],기업은행,유가증권시장상장법인,641,은행 및 저축기관,12,2023-12-31,사업보고서,KRW,ifrs-full_FeeAndCommissionIncome,         수수료수익,"654,289,000,000","657,464,000,000","691,955,000,000"
" 포괄손익계산서, 은행 - 별도",[024110],기업은행,유가증권시장상장법인,641,은행 및 저축기관,12,2023-12-31,사업보고서,KRW,ifrs-full_GainLossArisingFromDerecognitionOfFinancialAssetsMeasuredAtAmortisedCost,      상각후원가금융자산 처분손익,"223,596,000,000","192,474,000,000","250,578,000,000"
" 포괄손익계산서, 은행 - 별도",[024110],기업은행,유가증권시장상장법인,641,은행 및 저축기관,12,2023-12-31,사업보고서,KRW,ifrs-full_GainsLossesOnExchangeDifferencesOnTranslationRecognisedInProfitOrLoss,      외환거래손익,"93,479,000,000","246,560,000,000","24,455,000,000"
" 포괄손익계산서, 은행 - 별도",[024110],기업은행,유가증권시장상장법인,641,은행 및 저축기관,12,2023-12-31,사업보고서,KRW,ifrs-full_ImpairmentLossImpairmentGainAndReversalOfImpairmentLossDeterminedInAccordanceWithIFRS9,      금융자산 손상차손,"1,931,989,000,000","1,445,013,000,000","940,348,000,000"
" 포괄손익계산서, 은행 - 별도",[024110],기업은행,유가증권시장상장법인,641,은행 및 저축기관,12,2023-12-31,사업보고서,KRW,ifrs-full_IncomeTaxExpenseContinuingOperations,      법인세비용,"811,740,000,000","861,227,000,000","696,136,000,000"
" 포괄손익계산서, 은행 - 별도",[024110],기업은행,유가증권시장상장법인,641,은행 및 저축기관,12,2023-12-31,사업보고서,KRW,ifrs-full_InterestRevenueExpense,      순이자손익,"7,466,725,000,000","7,040,667,000,000","5,589,299,000,000"
" 포괄손익계산서, 은행 - 별도",[024110],기업은행,유가증권시장상장법인,641,은행 및 저축기관,12,2023-12-31,사업보고서,KRW,ifrs-full_InterestExpense,         이자비용,"9,360,454,000,000","4,415,079,000,000","2,296,120,000,000"
" 포괄손익계산서, 은행 - 별도",[024110],기업은행,유가증권시장상장법인,641,은행 및 저축기관,12,2023-12-31,사업보고서,KRW,ifrs-full_RevenueFromInterest,         이자수익,"16,827,179,000,000","11,455,746,000,000","7,885,419,000,000"
" 포괄손익계산서, 은행 - 별도",[024110],기업은행,유가증권시장상장법인,641,은행 및 저축기관,12,2023-12-31,사업보고서,KRW,ifrs-full_InterestIncomeOnFinancialAssetsDesignatedAtFairValueThroughProfitOrLoss,            당기손익금융자산 이자수익,"103,716,000,000","74,406,000,000","30,964,000,000"
" 포괄손익계산서, 은행 - 별도",[024110],기업은행,유가증권시장상장법인,641,은행 및 저축기관,12,2023-12-31,사업보고서,KRW,ifrs-full_InterestRevenueCalculatedUsingEffectiveInterestMethod,            기타포괄손익과 상각후원가금융자산 이자수익,"16,723,463,000,000","11,381,340,000,000","7,854,455,000,000"
" 포괄손익계산서, 은행 - 별도",[024110],기업은행,유가증권시장상장법인,641,은행 및 저축기관,12,2023-12-31,사업보고서,KRW,ifrs-full_OtherComprehensiveIncome,      법인세비용차감후 연결기타포괄손익,"244,521,000,000","-150,389,000,000","-19,106,000,000"
" 포괄손익계산서, 은행 - 별도",[024110],기업은행,유가증권시장상장법인,641,은행 및 저축기관,12,2023-12-31,사업보고서,KRW,ifrs-full_OtherComprehensiveIncomeNetOfTaxExchangeDifferencesOnTranslation,            외환차이,"10,690,000,000","17,667,000,000","45,523,000,000"
" 포괄손익계산서, 은행 - 별도",[024110],기업은행,유가증권시장상장법인,641,은행 및 저축기관,12,2023-12-31,사업보고서,KRW,ifrs-full_OtherComprehensiveIncomeNetOfTaxFinancialAssetsMeasuredAtFairValueThroughOtherComprehensiveIncome,            기타포괄손익채무증권 평가손익변동,"361,761,000,000","-339,292,000,000","-100,615,000,000"
" 포괄손익계산서, 은행 - 별도",[024110],기업은행,유가증권시장상장법인,641,은행 및 저축기관,12,2023-12-31,사업보고서,KRW,ifrs-full_OtherComprehensiveIncomeNetOfTaxHedgesOfNetInvestmentsInForeignOperations,            해외사업장순투자위험회피 평가손익변동,"-5,068,000,000","-19,309,000,000","-22,941,000,000"
" 포괄손익계산서, 은행 - 별도",[024110],기업은행,유가증권시장상장법인,641,은행 및 저축기관,12,2023-12-31,사업보고서,KRW,ifrs-full_OtherComprehensiveIncomeNetOfTaxGainsLossesFromInvestmentsInEquityInstruments,            기타포괄손익지분상품평가손익변동,"-26,872,000,000","72,555,000,000","-14,044,000,000"
" 포괄손익계산서, 은행 - 별도",[024110],기업은행,유가증권시장상장법인,641,은행 및 저축기관,12,2023-12-31,사업보고서,KRW,ifrs-full_OtherComprehensiveIncomeNetOfTaxGainsLossesOnRemeasurementsOfDefinedBenefitPlans,            순확정급여부채(자산)의재측정요소,"-95,990,000,000","117,990,000,000","72,971,000,000"
" 포괄손익계산서, 은행 - 별도",[024110],기업은행,유가증권시장상장법인,641,은행 및 저축기관,12,2023-12-31,사업보고서,KRW,ifrs-full_ProfitLoss,      연결당기순이익,"2,411,475,000,000","2,454,789,000,000","2,024,095,000,000"
" 포괄손익계산서, 은행 - 별도",[024110],기업은행,유가증권시장상장법인,641,은행 및 저축기관,12,2023-12-31,사업보고서,KRW,ifrs-full_ProfitLossBeforeTax,      법인세차감전순이익,"3,223,215,000,000","3,316,016,000,000","2,720,231,000,000"
" 포괄손익계산서, 은행 - 별도",[024110],기업은행,유가증권시장상장법인,641,은행 및 저축기관,12,2023-12-31,사업보고서,KRW,ifrs-full_ProfitLossFromOperatingActivities,      영업이익,"3,141,265,000,000","3,297,689,000,000","2,724,143,000,000"
" 포괄손익계산서, 은행 - 별도",[024110],기업은행,유가증권시장상장법인,641,은행 및 저축기관,12,2023-12-31,사업보고서,KRW,ifrs-full_SellingGeneralAndAdministrativeExpense,      일반관리비,"2,519,401,000,000","2,472,518,000,000","2,441,702,000,000"
" 포괄손익계산서, 은행 - 별도",[005270],대구은행,기타법인,641,은행 및 저축기관,12,2023-12-31,사업보고서,KRW,dart_AdjustedProfitLossNetOfRegulatoryReserveForCreditLoss,      대손준비금 반영후 조정이익(손실),"354,225,919,853","363,812,430,941","248,206,922,571"
" 포괄손익계산서, 은행 - 별도",[005270],대구은행,기타법인,641,은행 및 저축기관,12,2023-12-31,사업보고서,KRW,dart_GainLossFromFinancialInstrumentsAtFairValueThroughOtherComprehensiveIncome,      기타포괄손익-공정가치측정금융상품관련손익,"1,670,228,060","665,715,123","5,142,889,757"
" 포괄손익계산서, 은행 - 별도",[005270],대구은행,기타법인,641,은행 및 저축기관,12,2023-12-31,사업보고서,KRW,dart_GainLossFromFinancialInstrumentsAtFairValueThroughProfitOrLoss,      당기손익-공정가치측정금융상품관련손익,"97,207,152,184","38,548,991,240","92,510,742,194"
" 포괄손익계산서, 은행 - 별도",[005270],대구은행,기타법인,641,은행 및 저축기관,12,2023-12-31,사업보고서,KRW,dart_NonOperatingProfitLoss,      영업외손익,"-2,716,159,439","4,465,386,576","-4,864,308,774"
" 포괄손익계산서, 은행 - 별도",[005270],대구은행,기타법인,641,은행 및 저축기관,12,2023-12-31,사업보고서,KRW,ifrs-full_AdditionalAllowanceRecognisedInProfitOrLossAllowanceAccountForCreditLossesOfFinancialAssets,      신용손실충당금 순전입액,"351,486,547,543","203,495,658,017","134,438,354,736"
" 포괄손익계산서, 은행 - 별도",[005270],대구은행,기타법인,641,은행 및 저축기관,12,2023-12-31,사업보고서,KRW,ifrs-full_ComprehensiveIncome,      총포괄손익,"412,698,047,611","336,673,284,846","279,973,891,393"
" 포괄손익계산서, 은행 - 별도",[005270],대구은행,기타법인,641,은행 및 저축기관,12,2023-12-31,사업보고서,KRW,ifrs-full_BasicEarningsLossPerShare,         보통주기본주당이익(손실),"2,381","2,453","1,996"
" 포괄손익계산서, 은행 - 별도",[005270],대구은행,기타법인,641,은행 및 저축기관,12,2023-12-31,사업보고서,KRW,ifrs-full_DilutedEarningsLossPerShare,         보통주희석주당이익(손실),"2,381","2,453","1,996"
" 포괄손익계산서, 은행 - 별도",[005270],대구은행,기타법인,641,은행 및 저축기관,12,2023-12-31,사업보고서,KRW,ifrs-full_FeeAndCommissionIncomeExpense,      순수수료손익,"84,947,017,675","96,333,824,399","117,051,133,166"
" 포괄손익계산서, 은행 - 별도",[005270],대구은행,기타법인,641,은행 및 저축기관,12,2023-12-31,사업보고서,KRW,ifrs-full_FeeAndCommissionExpense,         수수료비용,"59,519,218,238","55,964,990,830","54,055,612,338"
" 포괄손익계산서, 은행 - 별도",[005270],대구은행,기타법인,641,은행 및 저축기관,12,2023-12-31,사업보고서,KRW,ifrs-full_FeeAndCommissionIncome,         수수료수익,"144,466,235,913","152,298,815,229","171,106,745,504"
" 포괄손익계산서, 은행 - 별도",[005270],대구은행,기타법인,641,은행 및 저축기관,12,2023-12-31,사업보고서,KRW,ifrs-full_IncomeTaxExpenseContinuingOperations,      법인세비용(수익),"86,044,041,343","105,010,395,176","83,924,730,968"
" 포괄손익계산서, 은행 - 별도",[005270],대구은행,기타법인,641,은행 및 저축기관,12,2023-12-31,사업보고서,KRW,ifrs-full_InterestRevenueExpense,      순이자손익,"1,456,424,676,296","1,395,464,299,799","1,189,568,420,471"
" 포괄손익계산서, 은행 - 별도",[005270],대구은행,기타법인,641,은행 및 저축기관,12,2023-12-31,사업보고서,KRW,ifrs-full_InterestExpense,         이자비용,"1,629,306,317,480","762,147,095,164","388,808,070,144"
" 포괄손익계산서, 은행 - 별도",[005270],대구은행,기타법인,641,은행 및 저축기관,12,2023-12-31,사업보고서,KRW,ifrs-full_RevenueFromInterest,         이자수익,"3,085,730,993,776","2,157,611,394,963","1,578,376,490,615"
" 포괄손익계산서, 은행 - 별도",[005270],대구은행,기타법인,641,은행 및 저축기관,12,2023-12-31,사업보고서,KRW,entity00109019_InterestIncomeFromFinancialInstrumentsAtFairValueThroughOfRevenueFromInterest,            당기손익-공정가치측정 금융상품 이자수익,"5,021,387,549","2,484,495,297","1,667,641,606"
" 포괄손익계산서, 은행 - 별도",[005270],대구은행,기타법인,641,은행 및 저축기관,12,2023-12-31,사업보고서,KRW,entity00109019_udf_IS_20231026174213323OfRevenueFromInterest,            기타포괄손익-공정가치측정 및  상각후원가측정 금융상품 이자수익,"3,080,709,606,227","2,155,126,899,666","1,576,708,849,009"
" 포괄손익계산서, 은행 - 별도",[005270],대구은행,기타법인,641,은행 및 저축기관,12,2023-12-31,사업보고서,KRW,ifrs-full_NetForeignExchangeGain,      외환거래순손익,"7,211,851,049","-19,007,221,953","-41,717,551,240"
" 포괄손익계산서, 은행 - 별도",[005270],대구은행,기타법인,641,은행 및 저축기관,12,2023-12-31,사업보고서,KRW,ifrs-full_OtherComprehensiveIncome,      기타포괄손익,"58,261,127,758","-27,857,146,095","-22,297,031,178"
" 포괄손익계산서, 은행 - 별도",[005270],대구은행,기타법인,641,은행 및 저축기관,12,2023-12-31,사업보고서,KRW,entity00109019_udf_IS_2023102619131346OfComponentsOfOtherComprehensiveIncomeThatWillBeReclassifiedToProfitOrLossNetOfTaxAbstract,            기타포괄손익-공정가치측정 금융자산의 기대신용손실,"1,217,445,075","-26,859,744","96,617,617"
" 포괄손익계산서, 은행 - 별도",[005270],대구은행,기타법인,641,은행 및 저축기관,12,2023-12-31,사업보고서,KRW,ifrs-full_OtherComprehensiveIncomeNetOfTaxExchangeDifferencesOnTranslation,            해외사업환산손익,"1,724,005,653","7,320,903,230","9,200,582,551"
" 포괄손익계산서, 은행 - 별도",[005270],대구은행,기타법인,641,은행 및 저축기관,12,2023-12-31,사업보고서,KRW,ifrs-full_OtherComprehensiveIncomeNetOfTaxFinancialAssetsMeasuredAtFairValueThroughOtherComprehensiveIncome,            기타포괄손익-공정가치측정 채무상품 평가손익,"75,754,199,639","-71,941,202,630","-33,761,386,015"
" 포괄손익계산서, 은행 - 별도",[005270],대구은행,기타법인,641,은행 및 저축기관,12,2023-12-31,사업보고서,KRW,ifrs-full_OtherComprehensiveIncomeNetOfTaxHedgesOfNetInvestmentsInForeignOperations,            해외사업장순투자 위험회피평가손익,"-1,130,227,353","-4,402,412,711","-4,666,667,551"
" 포괄손익계산서, 은행 - 별도",[005270],대구은행,기타법인,641,은행 및 저축기관,12,2023-12-31,사업보고서,KRW,ifrs-full_OtherComprehensiveIncomeNetOfTaxGainsLossesFromInvestmentsInEquityInstruments,            기타포괄손익-공정가치측정 지분상품 평가손익,"-1,606,319,283","-2,923,518,778","64,784,513"
" 포괄손익계산서, 은행 - 별도",[005270],대구은행,기타법인,641,은행 및 저축기관,12,2023-12-31,사업보고서,KRW,ifrs-full_OtherComprehensiveIncomeNetOfTaxGainsLossesOnRemeasurementsOfDefinedBenefitPlans,            확정급여제도의재측정요소,"-17,697,975,973","44,115,944,538","6,769,037,707"
" 포괄손익계산서, 은행 - 별도",[005270],대구은행,기타법인,641,은행 및 저축기관,12,2023-12-31,사업보고서,KRW,ifrs-full_OtherOperatingIncomeExpense,      기타영업순손익,"-127,831,684,721","-119,917,914,756","-105,025,795,713"
" 포괄손익계산서, 은행 - 별도",[005270],대구은행,기타법인,641,은행 및 저축기관,12,2023-12-31,사업보고서,KRW,ifrs-full_ProfitLoss,      연결당기순이익(손실),"354,436,919,853","364,530,430,941","302,270,922,571"
" 포괄손익계산서, 은행 - 별도",[005270],대구은행,기타법인,641,은행 및 저축기관,12,2023-12-31,사업보고서,KRW,ifrs-full_ProfitLossBeforeTax,      법인세차감전순이익,"440,480,961,196","469,540,826,117","386,195,653,539"
" 포괄손익계산서, 은행 - 별도",[005270],대구은행,기타법인,641,은행 및 저축기관,12,2023-12-31,사업보고서,KRW,ifrs-full_ProfitLossFromOperatingActivities,      영업이익(손실),"443,197,120,635","465,075,439,541","391,059,962,313"
" 포괄손익계산서, 은행 - 별도",[005270],대구은행,기타법인,641,은행 및 저축기관,12,2023-12-31,사업보고서,KRW,ifrs-full_SellingGeneralAndAdministrativeExpense,      일반관리비,"724,945,572,365","723,516,596,294","732,031,521,586"
" 포괄손익계산서, 은행 - 별도",[005280],부산은행,기타법인,641,은행 및 저축기관,12,2023-12-31,사업보고서,KRW,dart_AdjustedProfitLossNetOfRegulatoryReserveForCreditLoss,      대손준비금 반영후 조정이익(손실),"423,958,168,968","511,821,477,390","349,906,001,306"
" 포괄손익계산서, 은행 - 별도",[005280],부산은행,기타법인,641,은행 및 저축기관,12,2023-12-31,사업보고서,KRW,dart_NonOperatingProfitLoss,      영업외손익,"-11,586,730,297","-7,238,395,284","-6,290,760,204"
" 포괄손익계산서, 은행 - 별도",[005280],부산은행,기타법인,641,은행 및 저축기관,12,2023-12-31,사업보고서,KRW,dart_NonOperatingExpense,         영업외비용,"-34,585,278,398","-32,451,161,924","-35,856,692,667"
" 포괄손익계산서, 은행 - 별도",[005280],부산은행,기타법인,641,은행 및 저축기관,12,2023-12-31,사업보고서,KRW,dart_NonOperatingIncome,         영업외수익,"22,998,548,101","25,212,766,640","29,565,932,463"
" 포괄손익계산서, 은행 - 별도",[005280],부산은행,기타법인,641,은행 및 저축기관,12,2023-12-31,사업보고서,KRW,entity00124106_NetGainOnInvestmentFinancialAssetsOfStatementOfComprehensiveIncomeAbstract,      투자금융자산순손익,"108,604,175,648","6,143,149,304","37,413,897,143"
" 포괄손익계산서, 은행 - 별도",[005280],부산은행,기타법인,641,은행 및 저축기관,12,2023-12-31,사업보고서,KRW,dart_GainLossFromFinancialInstrumentsAtAmortisedCost,         상각후원가측정금융상품관련손익,0,0,"3,485,785,526"
" 포괄손익계산서, 은행 - 별도",[005280],부산은행,기타법인,641,은행 및 저축기관,12,2023-12-31,사업보고서,KRW,dart_GainLossFromFinancialInstrumentsAtFairValueThroughOtherComprehensiveIncome,         기타포괄손익-공정가치측정금융상품관련손익,"3,066,209,707","3,305,910,857","8,934,559,249"
" 포괄손익계산서, 은행 - 별도",[005280],부산은행,기타법인,641,은행 및 저축기관,12,2023-12-31,사업보고서,KRW,dart_GainLossFromFinancialInstrumentsAtFairValueThroughProfitOrLoss,         당기손익-공정가치측정금융상품관련손익,"105,537,965,941","2,837,238,447","24,993,552,368"
" 포괄손익계산서, 은행 - 별도",[005280],부산은행,기타법인,641,은행 및 저축기관,12,2023-12-31,사업보고서,KRW,ifrs-full_AdditionalAllowanceRecognisedInProfitOrLossAllowanceAccountForCreditLossesOfFinancialAssets,      신용손실충당금 전입액,"-315,779,585,865","-146,446,059,288","-76,546,921,122"
" 포괄손익계산서, 은행 - 별도",[005280],부산은행,기타법인,641,은행 및 저축기관,12,2023-12-31,사업보고서,KRW,entity00124106_GainOnSaleOfLoansOfAdditionalAllowanceRecognisedInProfitOrLossAllowanceAccountForCreditLossesOfFinancialAssets,         대출채권매각손익,"32,779,322,416","27,546,547,632","32,536,132,564"
" 포괄손익계산서, 은행 - 별도",[005280],부산은행,기타법인,641,은행 및 저축기관,12,2023-12-31,사업보고서,KRW,entity00124106_TransferOfProvisionOfAdditionalAllowanceRecognisedInProfitOrLossAllowanceAccountForCreditLossesOfFinancialAssets,         충당금 전입액 등,"-348,558,908,281","-173,992,606,920","-109,083,053,686"
" 포괄손익계산서, 은행 - 별도",[005280],부산은행,기타법인,641,은행 및 저축기관,12,2023-12-31,사업보고서,KRW,ifrs-full_ComprehensiveIncome,      총포괄손익,"448,522,501,258","440,706,974,818","363,931,563,079"
" 포괄손익계산서, 은행 - 별도",[005280],부산은행,기타법인,641,은행 및 저축기관,12,2023-12-31,사업보고서,KRW,ifrs-full_BasicEarningsLossPerShare,         보통주기본주당이익(손실),"1,868","2,265","1,985"
" 포괄손익계산서, 은행 - 별도",[005280],부산은행,기타법인,641,은행 및 저축기관,12,2023-12-31,사업보고서,KRW,ifrs-full_DilutedEarningsLossPerShare,         보통주희석주당이익(손실),"1,868","2,265","1,985"
" 포괄손익계산서, 은행 - 별도",[005280],부산은행,기타법인,641,은행 및 저축기관,12,2023-12-31,사업보고서,KRW,ifrs-full_FeeAndCommissionIncomeExpense,      순수수료이익,"62,421,994,786","84,701,262,725","133,889,023,357"
" 포괄손익계산서, 은행 - 별도",[005280],부산은행,기타법인,641,은행 및 저축기관,12,2023-12-31,사업보고서,KRW,ifrs-full_FeeAndCommissionExpense,         수수료비용,"-84,737,695,917","-79,391,310,078","-68,293,983,542"
" 포괄손익계산서, 은행 - 별도",[005280],부산은행,기타법인,641,은행 및 저축기관,12,2023-12-31,사업보고서,KRW,ifrs-full_FeeAndCommissionIncome,         수수료수익,"147,159,690,703","164,092,572,803","202,183,006,899"
" 포괄손익계산서, 은행 - 별도",[005280],부산은행,기타법인,641,은행 및 저축기관,12,2023-12-31,사업보고서,KRW,ifrs-full_IncomeTaxExpenseContinuingOperations,      법인세비용(수익),"-87,240,922,476","-149,793,289,819","-130,737,469,288"
" 포괄손익계산서, 은행 - 별도",[005280],부산은행,기타법인,641,은행 및 저축기관,12,2023-12-31,사업보고서,KRW,ifrs-full_InterestRevenueExpense,      순이자손익,"1,493,506,778,046","1,498,787,312,348","1,289,914,185,674"
" 포괄손익계산서, 은행 - 별도",[005280],부산은행,기타법인,641,은행 및 저축기관,12,2023-12-31,사업보고서,KRW,ifrs-full_InterestExpense,         이자비용,"-1,965,285,200,723","-889,543,996,620","-417,461,055,428"
" 포괄손익계산서, 은행 - 별도",[005280],부산은행,기타법인,641,은행 및 저축기관,12,2023-12-31,사업보고서,KRW,ifrs-full_RevenueFromInterest,         이자수익,"3,458,791,978,769","2,388,331,308,968","1,707,375,241,102"
" 포괄손익계산서, 은행 - 별도",[005280],부산은행,기타법인,641,은행 및 저축기관,12,2023-12-31,사업보고서,KRW,entity00124106_udf_IS_2024219161233688OfRevenueFromInterest,            기타포괄손익-공정가치금융자산 및 상각후원가금융자산 이자수익,"3,452,452,018,014","2,386,386,394,235","1,704,449,633,486"
" 포괄손익계산서, 은행 - 별도",[005280],부산은행,기타법인,641,은행 및 저축기관,12,2023-12-31,사업보고서,KRW,ifrs-full_InterestIncomeOnFinancialAssetsDesignatedAtFairValueThroughProfitOrLoss,            당기손익인식금융자산으로부터의 이자수익,"6,339,960,755","1,944,914,733","2,925,607,616"
" 포괄손익계산서, 은행 - 별도",[005280],부산은행,기타법인,641,은행 및 저축기관,12,2023-12-31,사업보고서,KRW,ifrs-full_OtherComprehensiveIncome,      기타포괄손익,"65,457,332,290","-24,087,502,572","-44,573,438,227"
" 포괄손익계산서, 은행 - 별도",[005280],부산은행,기타법인,641,은행 및 저축기관,12,2023-12-31,사업보고서,KRW,entity00124106_udf_IS_202391135219762OfComponentsOfOtherComprehensiveIncomeThatWillBeReclassifiedToProfitOrLossNetOfTaxAbstract,            기타포괄손익-공정가치채무증권 대손상각비,"493,803,398","-23,693,246","-83,351,405"
" 포괄손익계산서, 은행 - 별도",[005280],부산은행,기타법인,641,은행 및 저축기관,12,2023-12-31,사업보고서,KRW,ifrs-full_OtherComprehensiveIncomeNetOfTaxExchangeDifferencesOnTranslation,            해외사업환산손익,"2,873,660,651","11,215,209,312","12,250,713,629"
" 포괄손익계산서, 은행 - 별도",[005280],부산은행,기타법인,641,은행 및 저축기관,12,2023-12-31,사업보고서,KRW,ifrs-full_OtherComprehensiveIncomeNetOfTaxFinancialAssetsMeasuredAtFairValueThroughOtherComprehensiveIncome,            기타포괄손익-공정가치채무증권 평가손익,"80,599,787,335","-53,417,192,269","-34,780,274,928"
" 포괄손익계산서, 은행 - 별도",[005280],부산은행,기타법인,641,은행 및 저축기관,12,2023-12-31,사업보고서,KRW,ifrs-full_OtherComprehensiveIncomeNetOfTaxHedgesOfNetInvestmentsInForeignOperations,            해외영업순투자위험회피평가손익,"-2,746,705,105","-10,218,128,800","-11,227,281,454"
" 포괄손익계산서, 은행 - 별도",[005280],부산은행,기타법인,641,은행 및 저축기관,12,2023-12-31,사업보고서,KRW,ifrs-full_OtherComprehensiveIncomeNetOfTaxGainsLossesFromInvestmentsInEquityInstruments,            기타포괄손익-공정가치지분증권 관련손익,"-5,335,773,830","-12,814,733,152","5,121,659,830"
" 포괄손익계산서, 은행 - 별도",[005280],부산은행,기타법인,641,은행 및 저축기관,12,2023-12-31,사업보고서,KRW,ifrs-full_OtherComprehensiveIncomeNetOfTaxGainsLossesOnRemeasurementsOfDefinedBenefitPlans,            확정급여제도의재측정요소,"-10,427,440,159","41,171,035,583","-15,854,903,899"
" 포괄손익계산서, 은행 - 별도",[005280],부산은행,기타법인,641,은행 및 저축기관,12,2023-12-31,사업보고서,KRW,ifrs-full_OtherOperatingIncomeExpense,      기타영업손익,"-866,860,540,874","-821,359,502,596","-839,136,954,254"
" 포괄손익계산서, 은행 - 별도",[005280],부산은행,기타법인,641,은행 및 저축기관,12,2023-12-31,사업보고서,KRW,dart_GainFromDerivatives,         파생상품관련순손익,"28,596,889,699","-18,472,970,508","2,084,718,900"
" 포괄손익계산서, 은행 - 별도",[005280],부산은행,기타법인,641,은행 및 저축기관,12,2023-12-31,사업보고서,KRW,dart_OtherOperatingExpense,         기타영업비용,"-241,425,543,370","-160,122,814,655","-144,207,032,558"
" 포괄손익계산서, 은행 - 별도",[005280],부산은행,기타법인,641,은행 및 저축기관,12,2023-12-31,사업보고서,KRW,dart_OtherOperatingIncome,         기타영업수익,"18,450,110,498","58,941,519,137","40,214,298,796"
" 포괄손익계산서, 은행 - 별도",[005280],부산은행,기타법인,641,은행 및 저축기관,12,2023-12-31,사업보고서,KRW,ifrs-full_GainsLossesOnExchangeDifferencesOnTranslationRecognisedInProfitOrLoss,         외환거래순손익,"15,985,706,543","986,769,241","-2,328,809,242"
" 포괄손익계산서, 은행 - 별도",[005280],부산은행,기타법인,641,은행 및 저축기관,12,2023-12-31,사업보고서,KRW,ifrs-full_GeneralAndAdministrativeExpense,         일반관리비,"-688,467,704,244","-702,692,005,811","-734,900,130,150"
" 포괄손익계산서, 은행 - 별도",[005280],부산은행,기타법인,641,은행 및 저축기관,12,2023-12-31,사업보고서,KRW,ifrs-full_ProfitLoss,      당기순이익(손실),"383,065,168,968","464,794,477,390","408,505,001,306"
" 포괄손익계산서, 은행 - 별도",[005280],부산은행,기타법인,641,은행 및 저축기관,12,2023-12-31,사업보고서,KRW,ifrs-full_ProfitLossBeforeTax,      법인세차감전순이익,"470,306,091,444","614,587,767,209","539,242,470,594"
" 포괄손익계산서, 은행 - 별도",[005280],부산은행,기타법인,641,은행 및 저축기관,12,2023-12-31,사업보고서,KRW,ifrs-full_ProfitLossFromOperatingActivities,      영업이익(손실),"481,892,821,741","621,826,162,493","545,533,230,798"
" 포괄손익계산서, 은행 - 별도",[000010],신한은행,기타법인,641,은행 및 저축기관,12,2023-12-31,사업보고서,KRW,dart_AdjustedProfitLossNetOfRegulatoryReserveForCreditLoss,      대손준비금 반영후 조정이익,"2,796,435,000,000","2,773,552,000,000","1,869,292,000,000"
" 포괄손익계산서, 은행 - 별도",[000010],신한은행,기타법인,641,은행 및 저축기관,12,2023-12-31,사업보고서,KRW,dart_GainLossFromFinancialInstrumentsAtFairValueThroughOtherComprehensiveIncome,      기타포괄손익-공정가치측정유가증권처분손익,"19,488,000,000","-2,640,000,000","65,675,000,000"
" 포괄손익계산서, 은행 - 별도",[000010],신한은행,기타법인,641,은행 및 저축기관,12,2023-12-31,사업보고서,KRW,dart_GainLossFromFinancialInstrumentsAtFairValueThroughProfitOrLoss,      당기손익-공정가치측정금융상품관련손익,"614,427,000,000","160,286,000,000","365,797,000,000"
" 포괄손익계산서, 은행 - 별도",[000010],신한은행,기타법인,641,은행 및 저축기관,12,2023-12-31,사업보고서,KRW,dart_NonOperatingProfitLoss,      영업외손익,"-80,083,000,000","-83,722,000,000","-266,692,000,000"
" 포괄손익계산서, 은행 - 별도",[000010],신한은행,기타법인,641,은행 및 저축기관,12,2023-12-31,사업보고서,KRW,entity00149293_udf_IS_2023814175218893OfStatementOfComprehensiveIncomeAbstract,      외환거래손익,"110,382,000,000","320,984,000,000","133,972,000,000"
" 포괄손익계산서, 은행 - 별도",[000010],신한은행,기타법인,641,은행 및 저축기관,12,2023-12-31,사업보고서,KRW,entity00149293_udf_IS_2023814175253816OfStatementOfComprehensiveIncomeAbstract,      당기손익-공정가치측정지정금융상품관련손익,"2,495,000,000","2,673,000,000",0
" 포괄손익계산서, 은행 - 별도",[000010],신한은행,기타법인,641,은행 및 저축기관,12,2023-12-31,사업보고서,KRW,ifrs-full_AdditionalAllowanceRecognisedInProfitOrLossAllowanceAccountForCreditLossesOfFinancialAssets,      신용손실충당금전입,"729,912,000,000","544,876,000,000","241,100,000,000"
" 포괄손익계산서, 은행 - 별도",[000010],신한은행,기타법인,641,은행 및 저축기관,12,2023-12-31,사업보고서,KRW,ifrs-full_ComprehensiveIncome,      총포괄손익,"3,265,293,000,000","2,027,693,000,000","1,875,321,000,000"
" 포괄손익계산서, 은행 - 별도",[000010],신한은행,기타법인,641,은행 및 저축기관,12,2023-12-31,사업보고서,KRW,ifrs-full_BasicEarningsLossPerShare,         기본주당이익,"1,591","1,619","1,323"
" 포괄손익계산서, 은행 - 별도",[000010],신한은행,기타법인,641,은행 및 저축기관,12,2023-12-31,사업보고서,KRW,ifrs-full_DilutedEarningsLossPerShare,         희석주당이익,"1,591","1,619","1,323"
" 포괄손익계산서, 은행 - 별도",[000010],신한은행,기타법인,641,은행 및 저축기관,12,2023-12-31,사업보고서,KRW,ifrs-full_FeeAndCommissionIncomeExpense,      순수수료손익,"865,823,000,000","894,723,000,000","951,022,000,000"
" 포괄손익계산서, 은행 - 별도",[000010],신한은행,기타법인,641,은행 및 저축기관,12,2023-12-31,사업보고서,KRW,ifrs-full_FeeAndCommissionExpense,         수수료비용,"301,403,000,000","280,591,000,000","258,086,000,000"
" 포괄손익계산서, 은행 - 별도",[000010],신한은행,기타법인,641,은행 및 저축기관,12,2023-12-31,사업보고서,KRW,ifrs-full_FeeAndCommissionIncome,         수수료수익,"1,167,226,000,000","1,175,314,000,000","1,209,108,000,000"
" 포괄손익계산서, 은행 - 별도",[000010],신한은행,기타법인,641,은행 및 저축기관,12,2023-12-31,사업보고서,KRW,ifrs-full_GainLossArisingFromDerecognitionOfFinancialAssetsMeasuredAtAmortisedCost,      상각후원가측정유가증권처분손익,"-107,000,000","-60,000,000","-310,000,000"
" 포괄손익계산서, 은행 - 별도",[000010],신한은행,기타법인,641,은행 및 저축기관,12,2023-12-31,사업보고서,KRW,ifrs-full_IncomeTaxExpenseContinuingOperations,      법인세비용,"845,274,000,000","935,603,000,000","753,194,000,000"
" 포괄손익계산서, 은행 - 별도",[000010],신한은행,기타법인,641,은행 및 저축기관,12,2023-12-31,사업보고서,KRW,ifrs-full_InterestRevenueExpense,      순이자손익,"7,380,646,000,000","7,238,146,000,000","5,837,843,000,000"
" 포괄손익계산서, 은행 - 별도",[000010],신한은행,기타법인,641,은행 및 저축기관,12,2023-12-31,사업보고서,KRW,ifrs-full_InterestExpense,         이자비용,"11,193,171,000,000","5,505,835,000,000","2,549,137,000,000"
" 포괄손익계산서, 은행 - 별도",[000010],신한은행,기타법인,641,은행 및 저축기관,12,2023-12-31,사업보고서,KRW,ifrs-full_RevenueFromInterest,         이자수익,"18,573,817,000,000","12,743,981,000,000","8,386,980,000,000"
" 포괄손익계산서, 은행 - 별도",[000010],신한은행,기타법인,641,은행 및 저축기관,12,2023-12-31,사업보고서,KRW,ifrs-full_InterestIncomeOnFinancialAssetsDesignatedAtFairValueThroughProfitOrLoss,            당기손익-공정가치측정금융상품이자수익,"613,216,000,000","389,222,000,000","171,871,000,000"
" 포괄손익계산서, 은행 - 별도",[000010],신한은행,기타법인,641,은행 및 저축기관,12,2023-12-31,사업보고서,KRW,ifrs-full_InterestRevenueCalculatedUsingEffectiveInterestMethod,            기타포괄손익-공정가치측정 및 상각후원가측정 금융상품이자수익,"17,960,601,000,000","12,354,759,000,000","8,215,109,000,000"
" 포괄손익계산서, 은행 - 별도",[000010],신한은행,기타법인,641,은행 및 저축기관,12,2023-12-31,사업보고서,KRW,ifrs-full_OtherComprehensiveIncome,      기타포괄손익,"653,181,000,000","-604,180,000,000","-277,613,000,000"
" 포괄손익계산서, 은행 - 별도",[000010],신한은행,기타법인,641,은행 및 저축기관,12,2023-12-31,사업보고서,KRW,ifrs-full_OtherComprehensiveIncomeNetOfTaxExchangeDifferencesOnTranslation,            해외사업환산손익,"5,973,000,000","-5,206,000,000","24,923,000,000"
" 포괄손익계산서, 은행 - 별도",[000010],신한은행,기타법인,641,은행 및 저축기관,12,2023-12-31,사업보고서,KRW,ifrs-full_OtherComprehensiveIncomeNetOfTaxFinancialAssetsMeasuredAtFairValueThroughOtherComprehensiveIncome,            기타포괄손익-공정가치측정유가증권평가손익,"782,466,000,000","-763,895,000,000","-353,809,000,000"
" 포괄손익계산서, 은행 - 별도",[000010],신한은행,기타법인,641,은행 및 저축기관,12,2023-12-31,사업보고서,KRW,ifrs-full_OtherComprehensiveIncomeNetOfTaxGainsLossesFromInvestmentsInEquityInstruments,            기타포괄손익-공정가치측정유가증권평가손익,"24,367,000,000","-28,014,000,000","17,277,000,000"
" 포괄손익계산서, 은행 - 별도",[000010],신한은행,기타법인,641,은행 및 저축기관,12,2023-12-31,사업보고서,KRW,ifrs-full_OtherComprehensiveIncomeNetOfTaxGainsLossesOnRemeasurementsOfDefinedBenefitPlans,            확정급여제도의 재측정요소,"-159,625,000,000","192,935,000,000","33,996,000,000"
" 포괄손익계산서, 은행 - 별도",[000010],신한은행,기타법인,641,은행 및 저축기관,12,2023-12-31,사업보고서,KRW,ifrs-full_OtherOperatingIncomeExpense,      기타영업손익,"-1,406,893,000,000","-1,148,647,000,000","-950,956,000,000"
" 포괄손익계산서, 은행 - 별도",[000010],신한은행,기타법인,641,은행 및 저축기관,12,2023-12-31,사업보고서,KRW,ifrs-full_ProfitLoss,      당기순이익,"2,612,112,000,000","2,631,873,000,000","2,152,934,000,000"
" 포괄손익계산서, 은행 - 별도",[000010],신한은행,기타법인,641,은행 및 저축기관,12,2023-12-31,사업보고서,KRW,ifrs-full_ProfitLossBeforeTax,      법인세차감전순이익,"3,457,386,000,000","3,567,476,000,000","2,906,128,000,000"
" 포괄손익계산서, 은행 - 별도",[000010],신한은행,기타법인,641,은행 및 저축기관,12,2023-12-31,사업보고서,KRW,ifrs-full_ProfitLossFromOperatingActivities,      영업이익,"3,537,469,000,000","3,651,198,000,000","3,172,820,000,000"
" 포괄손익계산서, 은행 - 별도",[000010],신한은행,기타법인,641,은행 및 저축기관,12,2023-12-31,사업보고서,KRW,ifrs-full_RevenueFromDividends,      배당수익,"47,776,000,000","18,545,000,000","16,992,000,000"
" 포괄손익계산서, 은행 - 별도",[000010],신한은행,기타법인,641,은행 및 저축기관,12,2023-12-31,사업보고서,KRW,ifrs-full_SellingGeneralAndAdministrativeExpense,      일반관리비,"3,366,656,000,000","3,287,936,000,000","3,006,115,000,000"
" 포괄손익계산서, 은행 - 별도",[000030],우리은행,기타법인,641,은행 및 저축기관,12,2023-12-31,사업보고서,KRW,dart_AdjustedProfitLossNetOfRegulatoryReserveForCreditLoss,      대손준비금 반영후 조정이익,"2,673,872,000,000","2,694,703,000,000","1,865,765,000,000"
" 포괄손익계산서, 은행 - 별도",[000030],우리은행,기타법인,641,은행 및 저축기관,12,2023-12-31,사업보고서,KRW,dart_GainLossFromFinancialInstrumentsAtAmortisedCost,      상각후원가측정금융자산관련손익,"101,788,000,000","35,003,000,000","58,405,000,000"
" 포괄손익계산서, 은행 - 별도",[000030],우리은행,기타법인,641,은행 및 저축기관,12,2023-12-31,사업보고서,KRW,ifrs-full_GainLossArisingFromDerecognitionOfFinancialAssetsMeasuredAtAmortisedCost,         상각후원가측정대출채권및기타금융자산매매손익,"101,788,000,000","35,003,000,000","58,405,000,000"
" 포괄손익계산서, 은행 - 별도",[000030],우리은행,기타법인,641,은행 및 저축기관,12,2023-12-31,사업보고서,KRW,dart_GainLossFromFinancialInstrumentsAtFairValueThroughOtherComprehensiveIncome,      기타포괄손익-공정가치측정금융자산관련손익,"-38,399,000,000","-22,865,000,000","30,440,000,000"
" 포괄손익계산서, 은행 - 별도",[000030],우리은행,기타법인,641,은행 및 저축기관,12,2023-12-31,사업보고서,KRW,dart_GainLossFromFinancialInstrumentsAtFairValueThroughProfitOrLoss,      당기손익-공정가치측정금융상품관련손익,"514,706,000,000","282,411,000,000","241,148,000,000"
" 포괄손익계산서, 은행 - 별도",[000030],우리은행,기타법인,641,은행 및 저축기관,12,2023-12-31,사업보고서,KRW,dart_NonOperatingProfitLoss,      영업외손익,"-25,289,000,000","50,283,000,000","56,637,000,000"
" 포괄손익계산서, 은행 - 별도",[000030],우리은행,기타법인,641,은행 및 저축기관,12,2023-12-31,사업보고서,KRW,entity00254045_udf_IS_20243410485310OfNonOperatingProfitLoss,         기타영업외손익,"-23,503,000,000","50,283,000,000","9,747,000,000"
" 포괄손익계산서, 은행 - 별도",[000030],우리은행,기타법인,641,은행 및 저축기관,12,2023-12-31,사업보고서,KRW,ifrs-full_ShareOfProfitLossOfAssociatesAndJointVenturesAccountedForUsingEquityMethod,         관계기업투자자산평가손익,"-1,786,000,000",0,"46,890,000,000"
" 포괄손익계산서, 은행 - 별도",[000030],우리은행,기타법인,641,은행 및 저축기관,12,2023-12-31,사업보고서,KRW,ifrs-full_AdditionalAllowanceRecognisedInProfitOrLossAllowanceAccountForCreditLossesOfFinancialAssets,      신용손실충당금전입액,"930,995,000,000","390,611,000,000","143,514,000,000"
" 포괄손익계산서, 은행 - 별도",[000030],우리은행,기타법인,641,은행 및 저축기관,12,2023-12-31,사업보고서,KRW,ifrs-full_ComprehensiveIncome,      총포괄손익,"2,931,168,000,000","2,303,807,000,000","2,087,176,000,000"
" 포괄손익계산서, 은행 - 별도",[000030],우리은행,기타법인,641,은행 및 저축기관,12,2023-12-31,사업보고서,KRW,entity00254045_udf_IS_202434104853981OfEarningsPerShareAbstract,         기본 및 희석주당이익,"3,047","3,399","2,804"
" 포괄손익계산서, 은행 - 별도",[000030],우리은행,기타법인,641,은행 및 저축기관,12,2023-12-31,사업보고서,KRW,ifrs-full_FeeAndCommissionIncomeExpense,      순수수료이익,"849,437,000,000","886,114,000,000","915,463,000,000"
" 포괄손익계산서, 은행 - 별도",[000030],우리은행,기타법인,641,은행 및 저축기관,12,2023-12-31,사업보고서,KRW,ifrs-full_FeeAndCommissionExpense,         수수료비용,"196,620,000,000","197,939,000,000","167,823,000,000"
" 포괄손익계산서, 은행 - 별도",[000030],우리은행,기타법인,641,은행 및 저축기관,12,2023-12-31,사업보고서,KRW,ifrs-full_FeeAndCommissionIncome,         수수료수익,"1,046,057,000,000","1,084,053,000,000","1,083,286,000,000"
" 포괄손익계산서, 은행 - 별도",[000030],우리은행,기타법인,641,은행 및 저축기관,12,2023-12-31,사업보고서,KRW,ifrs-full_IncomeTaxExpenseContinuingOperations,      법인세비용,"714,792,000,000","859,629,000,000","725,553,000,000"
" 포괄손익계산서, 은행 - 별도",[000030],우리은행,기타법인,641,은행 및 저축기관,12,2023-12-31,사업보고서,KRW,ifrs-full_InterestRevenueExpense,      순이자이익,"6,688,491,000,000","6,614,066,000,000","5,347,449,000,000"
" 포괄손익계산서, 은행 - 별도",[000030],우리은행,기타법인,641,은행 및 저축기관,12,2023-12-31,사업보고서,KRW,ifrs-full_InterestExpense,         이자비용,"10,293,311,000,000","4,899,615,000,000","2,225,990,000,000"
" 포괄손익계산서, 은행 - 별도",[000030],우리은행,기타법인,641,은행 및 저축기관,12,2023-12-31,사업보고서,KRW,ifrs-full_RevenueFromInterest,         이자수익,"16,981,802,000,000","11,513,681,000,000","7,573,439,000,000"
" 포괄손익계산서, 은행 - 별도",[000030],우리은행,기타법인,641,은행 및 저축기관,12,2023-12-31,사업보고서,KRW,ifrs-full_InterestIncomeForFinancialAssetsMeasuredAtAmortisedCost,            상각후원가측정금융자산이자수익,"15,943,412,000,000","10,884,396,000,000","7,235,330,000,000"
" 포괄손익계산서, 은행 - 별도",[000030],우리은행,기타법인,641,은행 및 저축기관,12,2023-12-31,사업보고서,KRW,ifrs-full_InterestIncomeOnFinancialAssetsDesignatedAtFairValueThroughProfitOrLoss,            당기손익-공정가치측정금융자산이자수익,"92,854,000,000","44,079,000,000","3,360,000,000"
" 포괄손익계산서, 은행 - 별도",[000030],우리은행,기타법인,641,은행 및 저축기관,12,2023-12-31,사업보고서,KRW,ifrs-full_InterestRevenueForFinancialAssetsMeasuredAtFairValueThroughOtherComprehensiveIncome,            기타포괄손익-공정가치측정금융자산이자수익,"945,536,000,000","585,206,000,000","334,749,000,000"
" 포괄손익계산서, 은행 - 별도",[000030],우리은행,기타법인,641,은행 및 저축기관,12,2023-12-31,사업보고서,KRW,ifrs-full_OtherComprehensiveIncome,      기타포괄손익,"654,028,000,000","-243,600,000,000","-65,173,000,000"
" 포괄손익계산서, 은행 - 별도",[000030],우리은행,기타법인,641,은행 및 저축기관,12,2023-12-31,사업보고서,KRW,ifrs-full_OtherComprehensiveIncomeNetOfTaxExchangeDifferencesOnTranslation,            해외사업환산손익,"2,364,000,000","789,000,000","16,166,000,000"
" 포괄손익계산서, 은행 - 별도",[000030],우리은행,기타법인,641,은행 및 저축기관,12,2023-12-31,사업보고서,KRW,ifrs-full_OtherComprehensiveIncomeNetOfTaxFinancialAssetsMeasuredAtFairValueThroughOtherComprehensiveIncome,            기타포괄손익-공정가치측정채무증권평가손익,"523,744,000,000","-441,749,000,000","-175,744,000,000"
" 포괄손익계산서, 은행 - 별도",[000030],우리은행,기타법인,641,은행 및 저축기관,12,2023-12-31,사업보고서,KRW,ifrs-full_OtherComprehensiveIncomeNetOfTaxHedgesOfNetInvestmentsInForeignOperations,            해외사업장순투자위험회피평가손익,"-1,493,000,000","5,174,000,000",0
" 포괄손익계산서, 은행 - 별도",[000030],우리은행,기타법인,641,은행 및 저축기관,12,2023-12-31,사업보고서,KRW,ifrs-full_OtherComprehensiveIncomeNetOfTaxGainsLossesFromInvestmentsInEquityInstruments,            기타포괄손익-공정가치측정지분증권평가손익,"195,587,000,000","-34,660,000,000","34,217,000,000"
" 포괄손익계산서, 은행 - 별도",[000030],우리은행,기타법인,641,은행 및 저축기관,12,2023-12-31,사업보고서,KRW,ifrs-full_OtherComprehensiveIncomeNetOfTaxGainsLossesOnRemeasurementsOfDefinedBenefitPlans,            확정급여제도의 재측정요소,"-66,174,000,000","226,846,000,000","60,188,000,000"
" 포괄손익계산서, 은행 - 별도",[000030],우리은행,기타법인,641,은행 및 저축기관,12,2023-12-31,사업보고서,KRW,ifrs-full_OtherOperatingIncomeExpense,      기타영업손실,"-1,064,546,000,000","-682,610,000,000","-613,854,000,000"
" 포괄손익계산서, 은행 - 별도",[000030],우리은행,기타법인,641,은행 및 저축기관,12,2023-12-31,사업보고서,KRW,ifrs-full_ProfitLoss,      당기순이익,"2,277,140,000,000","2,547,407,000,000","2,152,349,000,000"
" 포괄손익계산서, 은행 - 별도",[000030],우리은행,기타법인,641,은행 및 저축기관,12,2023-12-31,사업보고서,KRW,ifrs-full_ProfitLossBeforeTax,      법인세비용차감전순이익,"2,991,932,000,000","3,407,036,000,000","2,877,902,000,000"
" 포괄손익계산서, 은행 - 별도",[000030],우리은행,기타법인,641,은행 및 저축기관,12,2023-12-31,사업보고서,KRW,ifrs-full_ProfitLossFromOperatingActivities,      영업이익,"3,017,221,000,000","3,356,753,000,000","2,821,265,000,000"
" 포괄손익계산서, 은행 - 별도",[000030],우리은행,기타법인,641,은행 및 저축기관,12,2023-12-31,사업보고서,KRW,ifrs-full_RevenueFromDividends,      배당수익,"306,494,000,000","180,275,000,000","283,878,000,000"
" 포괄손익계산서, 은행 - 별도",[000030],우리은행,기타법인,641,은행 및 저축기관,12,2023-12-31,사업보고서,KRW,ifrs-full_SellingGeneralAndAdministrativeExpense,      일반관리비,"3,409,755,000,000","3,545,030,000,000","3,298,150,000,000"
" 포괄손익계산서, 은행 - 별도",[006350],전북은행,기타법인,641,은행 및 저축기관,12,2023-12-31,사업보고서,KRW,dart_AdjustedProfitLossNetOfRegulatoryReserveForCreditLoss,      대손준비금 반영후 조정이익(손실),"170,183,000,000","173,242,000,000","168,863,000,000"
" 포괄손익계산서, 은행 - 별도",[006350],전북은행,기타법인,641,은행 및 저축기관,12,2023-12-31,사업보고서,KRW,dart_GainLossFromFinancialInstrumentsAtAmortisedCost,      상각후원가측정금융상품관련손익,,,"23,000,000"
" 포괄손익계산서, 은행 - 별도",[006350],전북은행,기타법인,641,은행 및 저축기관,12,2023-12-31,사업보고서,KRW,dart_GainLossFromFinancialInstrumentsAtFairValueThroughOtherComprehensiveIncome,      기타포괄손익-공정가치측정금융상품관련손익,"1,424,000,000","690,000,000","2,177,000,000"
" 포괄손익계산서, 은행 - 별도",[006350],전북은행,기타법인,641,은행 및 저축기관,12,2023-12-31,사업보고서,KRW,dart_GainLossFromFinancialInstrumentsAtFairValueThroughProfitOrLoss,      당기손익-공정가치측정금융상품관련손익,"19,556,000,000","6,898,000,000","12,045,000,000"
" 포괄손익계산서, 은행 - 별도",[006350],전북은행,기타법인,641,은행 및 저축기관,12,2023-12-31,사업보고서,KRW,dart_NonOperatingProfitLoss,      영업외손익,"-529,000,000","34,000,000","29,000,000"
" 포괄손익계산서, 은행 - 별도",[006350],전북은행,기타법인,641,은행 및 저축기관,12,2023-12-31,사업보고서,KRW,ifrs-full_AdditionalAllowanceRecognisedInProfitOrLossAllowanceAccountForCreditLossesOfFinancialAssets,      신용손실충당금 전입액,"131,074,000,000","99,727,000,000","51,748,000,000"
" 포괄손익계산서, 은행 - 별도",[006350],전북은행,기타법인,641,은행 및 저축기관,12,2023-12-31,사업보고서,KRW,ifrs-full_ComprehensiveIncome,      총포괄손익,"201,587,000,000","154,658,000,000","146,118,000,000"
" 포괄손익계산서, 은행 - 별도",[006350],전북은행,기타법인,641,은행 및 저축기관,12,2023-12-31,사업보고서,KRW,ifrs-full_BasicEarningsLossPerShare,         보통주기본주당이익(손실),"1,869","1,918","1,747"
" 포괄손익계산서, 은행 - 별도",[006350],전북은행,기타법인,641,은행 및 저축기관,12,2023-12-31,사업보고서,KRW,ifrs-full_DilutedEarningsLossPerShare,         보통주희석주당이익(손실),"1,869","1,918","1,747"
" 포괄손익계산서, 은행 - 별도",[006350],전북은행,기타법인,641,은행 및 저축기관,12,2023-12-31,사업보고서,KRW,ifrs-full_FeeAndCommissionIncomeExpense,      순수수료손익,"5,936,000,000","6,894,000,000","2,040,000,000"
" 포괄손익계산서, 은행 - 별도",[006350],전북은행,기타법인,641,은행 및 저축기관,12,2023-12-31,사업보고서,KRW,ifrs-full_FeeAndCommissionExpense,         수수료비용,"41,051,000,000","37,325,000,000","40,051,000,000"
" 포괄손익계산서, 은행 - 별도",[006350],전북은행,기타법인,641,은행 및 저축기관,12,2023-12-31,사업보고서,KRW,ifrs-full_FeeAndCommissionIncome,         수수료수익,"46,987,000,000","44,219,000,000","42,091,000,000"
" 포괄손익계산서, 은행 - 별도",[006350],전북은행,기타법인,641,은행 및 저축기관,12,2023-12-31,사업보고서,KRW,ifrs-full_IncomeTaxExpenseContinuingOperations,      법인세비용,"55,264,000,000","59,726,000,000","53,747,000,000"
" 포괄손익계산서, 은행 - 별도",[006350],전북은행,기타법인,641,은행 및 저축기관,12,2023-12-31,사업보고서,KRW,ifrs-full_InterestRevenueExpense,      순이자손익,"638,502,000,000","595,229,000,000","492,647,000,000"
" 포괄손익계산서, 은행 - 별도",[006350],전북은행,기타법인,641,은행 및 저축기관,12,2023-12-31,사업보고서,KRW,ifrs-full_InterestExpense,         이자비용,"561,085,000,000","276,207,000,000","130,706,000,000"
" 포괄손익계산서, 은행 - 별도",[006350],전북은행,기타법인,641,은행 및 저축기관,12,2023-12-31,사업보고서,KRW,ifrs-full_RevenueFromInterest,         이자수익,"1,199,587,000,000","871,436,000,000","623,353,000,000"
" 포괄손익계산서, 은행 - 별도",[006350],전북은행,기타법인,641,은행 및 저축기관,12,2023-12-31,사업보고서,KRW,ifrs-full_InterestIncomeOnFinancialAssetsDesignatedAtFairValueThroughProfitOrLoss,            당기손익-공정가치로 측정하는 금융자산의 이자수익,"587,000,000","1,522,000,000","982,000,000"
" 포괄손익계산서, 은행 - 별도",[006350],전북은행,기타법인,641,은행 및 저축기관,12,2023-12-31,사업보고서,KRW,ifrs-full_InterestRevenueCalculatedUsingEffectiveInterestMethod,            유효이자율적용이자수익,"1,199,000,000,000","869,914,000,000","622,371,000,000"
" 포괄손익계산서, 은행 - 별도",[006350],전북은행,기타법인,641,은행 및 저축기관,12,2023-12-31,사업보고서,KRW,ifrs-full_OtherComprehensiveIncome,      기타포괄손익,"28,990,000,000","-22,385,000,000","-15,165,000,000"
" 포괄손익계산서, 은행 - 별도",[006350],전북은행,기타법인,641,은행 및 저축기관,12,2023-12-31,사업보고서,KRW,ifrs-full_OtherComprehensiveIncomeNetOfTaxFinancialAssetsMeasuredAtFairValueThroughOtherComprehensiveIncome,            기타포괄손익-공정가치측정금융자산관련손익,"36,564,000,000","-31,662,000,000","-16,682,000,000"
" 포괄손익계산서, 은행 - 별도",[006350],전북은행,기타법인,641,은행 및 저축기관,12,2023-12-31,사업보고서,KRW,ifrs-full_OtherComprehensiveIncomeNetOfTaxGainsLossesFromInvestmentsInEquityInstruments,            기타포괄손익-공정가치측정지분상품평가손익,"-861,000,000","-295,000,000","1,373,000,000"
" 포괄손익계산서, 은행 - 별도",[006350],전북은행,기타법인,641,은행 및 저축기관,12,2023-12-31,사업보고서,KRW,ifrs-full_OtherComprehensiveIncomeNetOfTaxGainsLossesOnRemeasurementsOfDefinedBenefitPlans,            확정급여제도의재측정요소,"-6,713,000,000","9,572,000,000","144,000,000"
" 포괄손익계산서, 은행 - 별도",[006350],전북은행,기타법인,641,은행 및 저축기관,12,2023-12-31,사업보고서,KRW,ifrs-full_OtherOperatingIncomeExpense,      기타영업손익,"-58,348,000,000","-41,782,000,000","-32,143,000,000"
" 포괄손익계산서, 은행 - 별도",[006350],전북은행,기타법인,641,은행 및 저축기관,12,2023-12-31,사업보고서,KRW,ifrs-full_ProfitLoss,      당기순이익(손실),"172,597,000,000","177,043,000,000","161,283,000,000"
" 포괄손익계산서, 은행 - 별도",[006350],전북은행,기타법인,641,은행 및 저축기관,12,2023-12-31,사업보고서,KRW,ifrs-full_ProfitLossBeforeTax,      법인세차감전순이익,"227,861,000,000","236,769,000,000","215,030,000,000"
" 포괄손익계산서, 은행 - 별도",[006350],전북은행,기타법인,641,은행 및 저축기관,12,2023-12-31,사업보고서,KRW,ifrs-full_ProfitLossFromOperatingActivities,      영업이익(손실),"228,390,000,000","236,735,000,000","215,001,000,000"
" 포괄손익계산서, 은행 - 별도",[006350],전북은행,기타법인,641,은행 및 저축기관,12,2023-12-31,사업보고서,KRW,ifrs-full_ReversalAllowanceAccountForCreditLossesOfFinancialAssets,      신용손실충당금 환입액,"163,000,000","240,000,000","18,486,000,000"
" 포괄손익계산서, 은행 - 별도",[006350],전북은행,기타법인,641,은행 및 저축기관,12,2023-12-31,사업보고서,KRW,ifrs-full_SellingGeneralAndAdministrativeExpense,      판매비와관리비,"247,769,000,000","231,707,000,000","228,526,000,000"
" 포괄손익계산서, 은행 - 별도",[006220],제주은행,유가증권시장상장법인,641,은행 및 저축기관,12,2023-12-31,사업보고서,KRW,dart_AdjustedProfitLossNetOfRegulatoryReserveForCreditLoss,      대손준비금 반영후 조정이익(손실),"13,230,000,000","21,062,000,000","23,000,000"
" 포괄손익계산서, 은행 - 별도",[006220],제주은행,유가증권시장상장법인,641,은행 및 저축기관,12,2023-12-31,사업보고서,KRW,dart_GainLossFromFinancialInstrumentsAtFairValueThroughOtherComprehensiveIncome,      기타포괄손익-공정가치측정금융자산처분손익,"235,000,000","1,000,000","24,000,000"
" 포괄손익계산서, 은행 - 별도",[006220],제주은행,유가증권시장상장법인,641,은행 및 저축기관,12,2023-12-31,사업보고서,KRW,dart_GainLossFromFinancialInstrumentsAtFairValueThroughProfitOrLoss,      당기손익-공정가치측정금융상품관련손익,"663,000,000","303,000,000","54,000,000"
" 포괄손익계산서, 은행 - 별도",[006220],제주은행,유가증권시장상장법인,641,은행 및 저축기관,12,2023-12-31,사업보고서,KRW,dart_NonOperatingProfitLoss,      영업외손익,"2,876,000,000","-56,000,000","253,000,000"
" 포괄손익계산서, 은행 - 별도",[006220],제주은행,유가증권시장상장법인,641,은행 및 저축기관,12,2023-12-31,사업보고서,KRW,ifrs-full_AdditionalAllowanceRecognisedInProfitOrLossAllowanceAccountForCreditLossesOfFinancialAssets,      신용손실충당금전입,"-49,799,000,000","-23,401,000,000","-11,545,000,000"
" 포괄손익계산서, 은행 - 별도",[006220],제주은행,유가증권시장상장법인,641,은행 및 저축기관,12,2023-12-31,사업보고서,KRW,ifrs-full_ComprehensiveIncome,      총포괄손익,"20,189,000,000","11,658,000,000","11,740,000,000"
" 포괄손익계산서, 은행 - 별도",[006220],제주은행,유가증권시장상장법인,641,은행 및 저축기관,12,2023-12-31,사업보고서,KRW,ifrs-full_BasicEarningsLossPerShare,         기본주당순이익,66,636,514
" 포괄손익계산서, 은행 - 별도",[006220],제주은행,유가증권시장상장법인,641,은행 및 저축기관,12,2023-12-31,사업보고서,KRW,ifrs-full_DilutedEarningsLossPerShare,         희석주당순이익,66,636,514
" 포괄손익계산서, 은행 - 별도",[006220],제주은행,유가증권시장상장법인,641,은행 및 저축기관,12,2023-12-31,사업보고서,KRW,ifrs-full_FeeAndCommissionIncomeExpense,      순수수료손익,"10,570,000,000","11,171,000,000","11,832,000,000"
" 포괄손익계산서, 은행 - 별도",[006220],제주은행,유가증권시장상장법인,641,은행 및 저축기관,12,2023-12-31,사업보고서,KRW,ifrs-full_FeeAndCommissionExpense,         수수료비용,"-8,740,000,000","-8,488,000,000","-8,096,000,000"
" 포괄손익계산서, 은행 - 별도",[006220],제주은행,유가증권시장상장법인,641,은행 및 저축기관,12,2023-12-31,사업보고서,KRW,ifrs-full_FeeAndCommissionIncome,         수수료수익,"19,310,000,000","19,659,000,000","19,928,000,000"
" 포괄손익계산서, 은행 - 별도",[006220],제주은행,유가증권시장상장법인,641,은행 및 저축기관,12,2023-12-31,사업보고서,KRW,ifrs-full_GainLossArisingFromDerecognitionOfFinancialAssetsMeasuredAtAmortisedCost,      상각후원가측정금융자산처분손익,"9,560,000,000","97,000,000",0
" 포괄손익계산서, 은행 - 별도",[006220],제주은행,유가증권시장상장법인,641,은행 및 저축기관,12,2023-12-31,사업보고서,KRW,ifrs-full_IncomeTaxExpenseContinuingOperations,      법인세비용(수익),"398,000,000","4,144,000,000","4,409,000,000"
" 포괄손익계산서, 은행 - 별도",[006220],제주은행,유가증권시장상장법인,641,은행 및 저축기관,12,2023-12-31,사업보고서,KRW,ifrs-full_InterestRevenueExpense,      순이자손익,"145,405,000,000","153,250,000,000","128,364,000,000"
" 포괄손익계산서, 은행 - 별도",[006220],제주은행,유가증권시장상장법인,641,은행 및 저축기관,12,2023-12-31,사업보고서,KRW,ifrs-full_InterestExpense,         이자비용,"-194,098,000,000","-101,465,000,000","-55,506,000,000"
" 포괄손익계산서, 은행 - 별도",[006220],제주은행,유가증권시장상장법인,641,은행 및 저축기관,12,2023-12-31,사업보고서,KRW,ifrs-full_RevenueFromInterest,         이자수익,"339,503,000,000","254,715,000,000","183,870,000,000"
" 포괄손익계산서, 은행 - 별도",[006220],제주은행,유가증권시장상장법인,641,은행 및 저축기관,12,2023-12-31,사업보고서,KRW,ifrs-full_NetForeignExchangeGain,      외환거래손익,"1,500,000,000","568,000,000","498,000,000"
" 포괄손익계산서, 은행 - 별도",[006220],제주은행,유가증권시장상장법인,641,은행 및 저축기관,12,2023-12-31,사업보고서,KRW,ifrs-full_OtherComprehensiveIncome,      기타포괄손익,"15,088,000,000","-11,162,000,000","-6,706,000,000"
" 포괄손익계산서, 은행 - 별도",[006220],제주은행,유가증권시장상장법인,641,은행 및 저축기관,12,2023-12-31,사업보고서,KRW,ifrs-full_OtherComprehensiveIncomeNetOfTaxFinancialAssetsMeasuredAtFairValueThroughOtherComprehensiveIncome,            기타포괄손익-공정가치측정채무증권평가손익,"17,716,000,000","-13,307,000,000","-7,854,000,000"
" 포괄손익계산서, 은행 - 별도",[006220],제주은행,유가증권시장상장법인,641,은행 및 저축기관,12,2023-12-31,사업보고서,KRW,ifrs-full_OtherComprehensiveIncomeNetOfTaxGainsLossesFromInvestmentsInEquityInstruments,            기타포괄손익-공정가치측정지분증권평가손익,"-680,000,000","-1,087,000,000","-1,122,000,000"
" 포괄손익계산서, 은행 - 별도",[006220],제주은행,유가증권시장상장법인,641,은행 및 저축기관,12,2023-12-31,사업보고서,KRW,ifrs-full_OtherComprehensiveIncomeNetOfTaxGainsLossesOnRemeasurementsOfDefinedBenefitPlans,            확정급여제도의재측정요소,"-1,948,000,000","3,232,000,000","2,269,000,000"
" 포괄손익계산서, 은행 - 별도",[006220],제주은행,유가증권시장상장법인,641,은행 및 저축기관,12,2023-12-31,사업보고서,KRW,ifrs-full_OtherOperatingIncomeExpense,      기타영업손익,"-19,794,000,000","-19,619,000,000","-17,127,000,000"
" 포괄손익계산서, 은행 - 별도",[006220],제주은행,유가증권시장상장법인,641,은행 및 저축기관,12,2023-12-31,사업보고서,KRW,ifrs-full_ProfitLoss,      당기순이익(손실),"5,101,000,000","22,820,000,000","18,446,000,000"
" 포괄손익계산서, 은행 - 별도",[006220],제주은행,유가증권시장상장법인,641,은행 및 저축기관,12,2023-12-31,사업보고서,KRW,ifrs-full_ProfitLossBeforeTax,      법인세비용차감전순이익,"5,499,000,000","26,964,000,000","22,855,000,000"
" 포괄손익계산서, 은행 - 별도",[006220],제주은행,유가증권시장상장법인,641,은행 및 저축기관,12,2023-12-31,사업보고서,KRW,ifrs-full_ProfitLossFromOperatingActivities,      영업손익,"2,623,000,000","27,020,000,000","22,602,000,000"
" 포괄손익계산서, 은행 - 별도",[006220],제주은행,유가증권시장상장법인,641,은행 및 저축기관,12,2023-12-31,사업보고서,KRW,ifrs-full_RevenueFromDividends,      배당수익,"16,000,000","16,000,000","24,000,000"
" 포괄손익계산서, 은행 - 별도",[006220],제주은행,유가증권시장상장법인,641,은행 및 저축기관,12,2023-12-31,사업보고서,KRW,ifrs-full_SellingGeneralAndAdministrativeExpense,      일반관리비,"-95,733,000,000","-95,366,000,000","-89,522,000,000"
" 포괄손익계산서, 은행 - 별도",[323410],카카오뱅크,유가증권시장상장법인,641,은행 및 저축기관,12,2023-12-31,사업보고서,KRW,dart_AdjustedProfitLossNetOfRegulatoryReserveForCreditLoss,      대손준비금 반영후 조정이익,"324,535,000,000","324,463,000,000","189,002,000,000"
" 포괄손익계산서, 은행 - 별도",[323410],카카오뱅크,유가증권시장상장법인,641,은행 및 저축기관,12,2023-12-31,사업보고서,KRW,dart_GainFromFinancialInstrumentsAtFairValueThroughProfitOrLoss,      3. 당기손익-공정가치측정금융자산관련이익,"148,199,000,000","36,166,000,000","7,704,000,000"
" 포괄손익계산서, 은행 - 별도",[323410],카카오뱅크,유가증권시장상장법인,641,은행 및 저축기관,12,2023-12-31,사업보고서,KRW,dart_LossFromFinancialInstrumentsAtFairValueThroughProfitOrLoss,      3. 당기손익-공정가치측정금융자산관련손실,"-3,027,000,000",0,0
" 포괄손익계산서, 은행 - 별도",[323410],카카오뱅크,유가증권시장상장법인,641,은행 및 저축기관,12,2023-12-31,사업보고서,KRW,dart_NonOperatingExpense,      VI. 영업외비용,"-10,465,000,000","-5,420,000,000","-514,000,000"
" 포괄손익계산서, 은행 - 별도",[323410],카카오뱅크,유가증권시장상장법인,641,은행 및 저축기관,12,2023-12-31,사업보고서,KRW,dart_NonOperatingIncome,      V. 영업외수익,"1,187,000,000","3,967,000,000","304,000,000"
" 포괄손익계산서, 은행 - 별도",[323410],카카오뱅크,유가증권시장상장법인,641,은행 및 저축기관,12,2023-12-31,사업보고서,KRW,dart_OperatingIncomeLoss,      IV. 영업이익,"478,485,000,000","353,186,000,000","256,936,000,000"
" 포괄손익계산서, 은행 - 별도",[323410],카카오뱅크,유가증권시장상장법인,641,은행 및 저축기관,12,2023-12-31,사업보고서,KRW,dart_OtherOperatingExpense,      6. 기타의영업비용,"-126,616,000,000","-90,870,000,000","-63,197,000,000"
" 포괄손익계산서, 은행 - 별도",[323410],카카오뱅크,유가증권시장상장법인,641,은행 및 저축기관,12,2023-12-31,사업보고서,KRW,dart_OtherOperatingIncome,      4. 기타의영업수익,"29,879,000,000","22,000,000,000","17,176,000,000"
" 포괄손익계산서, 은행 - 별도",[323410],카카오뱅크,유가증권시장상장법인,641,은행 및 저축기관,12,2023-12-31,사업보고서,KRW,entity01133217_LossRelatedToFinancialInvestmentsOfStatementOfComprehensiveIncomeAbstract,      4. 투자금융자산관련손실,0,0,"-10,000,000"
" 포괄손익계산서, 은행 - 별도",[323410],카카오뱅크,유가증권시장상장법인,641,은행 및 저축기관,12,2023-12-31,사업보고서,KRW,ifrs-full_AdditionalAllowanceRecognisedInProfitOrLossAllowanceAccountForCreditLossesOfFinancialAssets,      III. 금융자산신용손실충당금전입액,"248,348,000,000","173,222,000,000","92,254,000,000"
" 포괄손익계산서, 은행 - 별도",[323410],카카오뱅크,유가증권시장상장법인,641,은행 및 저축기관,12,2023-12-31,사업보고서,KRW,ifrs-full_ComprehensiveIncome,      XI. 총포괄이익,"447,190,000,000","188,824,000,000","168,581,000,000"
" 포괄손익계산서, 은행 - 별도",[323410],카카오뱅크,유가증권시장상장법인,641,은행 및 저축기관,12,2023-12-31,사업보고서,KRW,ifrs-full_BasicEarningsLossPerShare,         1. 기본주당이익,745,553,467
" 포괄손익계산서, 은행 - 별도",[323410],카카오뱅크,유가증권시장상장법인,641,은행 및 저축기관,12,2023-12-31,사업보고서,KRW,ifrs-full_DilutedEarningsLossPerShare,         2. 희석주당이익,744,551,464
" 포괄손익계산서, 은행 - 별도",[323410],카카오뱅크,유가증권시장상장법인,641,은행 및 저축기관,12,2023-12-31,사업보고서,KRW,ifrs-full_FeeAndCommissionExpense,      2. 수수료비용,"-269,827,000,000","-243,284,000,000","-201,863,000,000"
" 포괄손익계산서, 은행 - 별도",[323410],카카오뱅크,유가증권시장상장법인,641,은행 및 저축기관,12,2023-12-31,사업보고서,KRW,ifrs-full_FeeAndCommissionIncome,      2. 수수료수익,"267,797,000,000","253,761,000,000","254,068,000,000"
" 포괄손익계산서, 은행 - 별도",[323410],카카오뱅크,유가증권시장상장법인,641,은행 및 저축기관,12,2023-12-31,사업보고서,KRW,ifrs-full_IncomeTaxExpenseContinuingOperations,      VIII. 법인세비용,"-114,295,000,000","-88,642,000,000","-52,602,000,000"
" 포괄손익계산서, 은행 - 별도",[323410],카카오뱅크,유가증권시장상장법인,641,은행 및 저축기관,12,2023-12-31,사업보고서,KRW,ifrs-full_InterestExpense,      1. 이자비용,"-932,200,000,000","-351,693,000,000","-164,685,000,000"
" 포괄손익계산서, 은행 - 별도",[323410],카카오뱅크,유가증권시장상장법인,641,은행 및 저축기관,12,2023-12-31,사업보고서,KRW,ifrs-full_OperatingExpense,      II. 영업비용,"-1,767,212,000,000","-1,079,393,000,000","-715,743,000,000"
" 포괄손익계산서, 은행 - 별도",[323410],카카오뱅크,유가증권시장상장법인,641,은행 및 저축기관,12,2023-12-31,사업보고서,KRW,ifrs-full_OtherComprehensiveIncome,      X. 기타포괄손익,"92,278,000,000","-74,267,000,000","-35,543,000,000"
" 포괄손익계산서, 은행 - 별도",[323410],카카오뱅크,유가증권시장상장법인,641,은행 및 저축기관,12,2023-12-31,사업보고서,KRW,ifrs-full_OtherComprehensiveIncomeNetOfTaxFinancialAssetsMeasuredAtFairValueThroughOtherComprehensiveIncome,            1. 기타포괄손익-공정가치측정금융자산평가손익,"97,464,000,000","-76,907,000,000","-35,148,000,000"
" 포괄손익계산서, 은행 - 별도",[323410],카카오뱅크,유가증권시장상장법인,641,은행 및 저축기관,12,2023-12-31,사업보고서,KRW,ifrs-full_ShareOfOtherComprehensiveIncomeOfAssociatesAndJointVenturesAccountedForUsingEquityMethodThatWillBeReclassifiedToProfitOrLossNetOfTax,            2. 관계기업 기타포괄손익에 대한 지분,"-2,740,000,000",0,0
" 포괄손익계산서, 은행 - 별도",[323410],카카오뱅크,유가증권시장상장법인,641,은행 및 저축기관,12,2023-12-31,사업보고서,KRW,ifrs-full_OtherComprehensiveIncomeNetOfTaxGainsLossesOnRemeasurementsOfDefinedBenefitPlans,            1. 순확정급여자산의 재측정요소,"-2,446,000,000","2,640,000,000","-395,000,000"
" 포괄손익계산서, 은행 - 별도",[323410],카카오뱅크,유가증권시장상장법인,641,은행 및 저축기관,12,2023-12-31,사업보고서,KRW,ifrs-full_ProfitLoss,      IX. 당기순이익,"354,912,000,000","263,091,000,000","204,124,000,000"
" 포괄손익계산서, 은행 - 별도",[323410],카카오뱅크,유가증권시장상장법인,641,은행 및 저축기관,12,2023-12-31,사업보고서,KRW,ifrs-full_ProfitLossBeforeTax,      VII. 법인세비용차감전순이익,"469,207,000,000","351,733,000,000","256,726,000,000"
" 포괄손익계산서, 은행 - 별도",[323410],카카오뱅크,유가증권시장상장법인,641,은행 및 저축기관,12,2023-12-31,사업보고서,KRW,ifrs-full_Revenue,      I. 영업수익,"2,494,045,000,000","1,605,801,000,000","1,064,933,000,000"
" 포괄손익계산서, 은행 - 별도",[323410],카카오뱅크,유가증권시장상장법인,641,은행 및 저축기관,12,2023-12-31,사업보고서,KRW,ifrs-full_RevenueFromInterest,      1. 이자수익,"2,048,170,000,000","1,293,874,000,000","785,985,000,000"
" 포괄손익계산서, 은행 - 별도",[323410],카카오뱅크,유가증권시장상장법인,641,은행 및 저축기관,12,2023-12-31,사업보고서,KRW,ifrs-full_SellingGeneralAndAdministrativeExpense,      5. 판매비와관리비,"-435,542,000,000","-393,546,000,000","-285,988,000,000"
" 포괄손익계산서, 은행 - 별도",[null],케이뱅크,기타법인,641,은행 및 저축기관,12,2023-12-31,사업보고서,KRW,dart_AdjustedProfitLossNetOfRegulatoryReserveForCreditLoss,      대손준비금 반영후 조정이익,"34,578,000,000","81,948,000,000","2,984,000,000"
" 포괄손익계산서, 은행 - 별도",[null],케이뱅크,기타법인,641,은행 및 저축기관,12,2023-12-31,사업보고서,KRW,dart_GainLossFromFinancialInstrumentsAtFairValueThroughProfitOrLoss,      당기손익-공정가치측정금융자산관련이익,"31,580,000,000","3,406,000,000",0
" 포괄손익계산서, 은행 - 별도",[null],케이뱅크,기타법인,641,은행 및 저축기관,12,2023-12-31,사업보고서,KRW,dart_NonOperatingProfitLoss,      영업외손익,"-1,658,000,000","-54,000,000","-56,000,000"
" 포괄손익계산서, 은행 - 별도",[null],케이뱅크,기타법인,641,은행 및 저축기관,12,2023-12-31,사업보고서,KRW,ifrs-full_AdditionalAllowanceRecognisedInProfitOrLossAllowanceAccountForCreditLossesOfFinancialAssets,      신용손실에 대한 손상차손,"292,708,000,000","136,069,000,000","53,699,000,000"
" 포괄손익계산서, 은행 - 별도",[null],케이뱅크,기타법인,641,은행 및 저축기관,12,2023-12-31,사업보고서,KRW,ifrs-full_ComprehensiveIncome,      당기총포괄손익,"69,040,000,000","58,681,000,000","-5,665,000,000"
" 포괄손익계산서, 은행 - 별도",[null],케이뱅크,기타법인,641,은행 및 저축기관,12,2023-12-31,사업보고서,KRW,ifrs-full_BasicEarningsLossPerShare,         기본주당이익,34,222,82
" 포괄손익계산서, 은행 - 별도",[null],케이뱅크,기타법인,641,은행 및 저축기관,12,2023-12-31,사업보고서,KRW,ifrs-full_FeeAndCommissionIncomeExpense,      순수수료손익,"2,252,000,000","3,044,000,000","19,609,000,000"
" 포괄손익계산서, 은행 - 별도",[null],케이뱅크,기타법인,641,은행 및 저축기관,12,2023-12-31,사업보고서,KRW,ifrs-full_FeeAndCommissionExpense,         수수료비용,"33,195,000,000","28,970,000,000","24,878,000,000"
" 포괄손익계산서, 은행 - 별도",[null],케이뱅크,기타법인,641,은행 및 저축기관,12,2023-12-31,사업보고서,KRW,ifrs-full_FeeAndCommissionIncome,         수수료수익,"35,447,000,000","32,014,000,000","44,487,000,000"
" 포괄손익계산서, 은행 - 별도",[null],케이뱅크,기타법인,641,은행 및 저축기관,12,2023-12-31,사업보고서,KRW,ifrs-full_IncomeTaxExpenseContinuingOperations,      법인세비용,"1,994,000,000","8,281,000,000","1,888,000,000"
" 포괄손익계산서, 은행 - 별도",[null],케이뱅크,기타법인,641,은행 및 저축기관,12,2023-12-31,사업보고서,KRW,ifrs-full_InterestRevenueExpense,      순이자손익,"450,399,000,000","385,200,000,000","198,033,000,000"
" 포괄손익계산서, 은행 - 별도",[null],케이뱅크,기타법인,641,은행 및 저축기관,12,2023-12-31,사업보고서,KRW,ifrs-full_InterestExpense,         이자비용,"423,742,000,000","136,728,000,000","39,629,000,000"
" 포괄손익계산서, 은행 - 별도",[null],케이뱅크,기타법인,641,은행 및 저축기관,12,2023-12-31,사업보고서,KRW,ifrs-full_RevenueFromInterest,         이자수익,"874,141,000,000","521,928,000,000","237,662,000,000"
" 포괄손익계산서, 은행 - 별도",[null],케이뱅크,기타법인,641,은행 및 저축기관,12,2023-12-31,사업보고서,KRW,ifrs-full_OtherComprehensiveIncome,      기타포괄손익,"56,228,000,000","-24,888,000,000","-28,212,000,000"
" 포괄손익계산서, 은행 - 별도",[null],케이뱅크,기타법인,641,은행 및 저축기관,12,2023-12-31,사업보고서,KRW,ifrs-full_OtherComprehensiveIncomeNetOfTaxFinancialAssetsMeasuredAtFairValueThroughOtherComprehensiveIncome,            기타포괄손익-공정가치측정금융자산평가손익,"56,640,000,000","-25,218,000,000","-28,568,000,000"
" 포괄손익계산서, 은행 - 별도",[null],케이뱅크,기타법인,641,은행 및 저축기관,12,2023-12-31,사업보고서,KRW,ifrs-full_OtherComprehensiveIncomeNetOfTaxGainsLossesOnRemeasurementsOfDefinedBenefitPlans,            확정급여제도의 재측정요소,"-412,000,000","330,000,000","356,000,000"
" 포괄손익계산서, 은행 - 별도",[null],케이뱅크,기타법인,641,은행 및 저축기관,12,2023-12-31,사업보고서,KRW,ifrs-full_OtherOperatingIncomeExpense,      기타영업손익,"-36,586,000,000","-26,686,000,000","-15,546,000,000"
" 포괄손익계산서, 은행 - 별도",[null],케이뱅크,기타법인,641,은행 및 저축기관,12,2023-12-31,사업보고서,KRW,ifrs-full_ProfitLoss,      당기순이익,"12,812,000,000","83,569,000,000","22,547,000,000"
" 포괄손익계산서, 은행 - 별도",[null],케이뱅크,기타법인,641,은행 및 저축기관,12,2023-12-31,사업보고서,KRW,ifrs-full_ProfitLossBeforeTax,      법인세비용차감전순이익,"14,806,000,000","91,850,000,000","24,435,000,000"
" 포괄손익계산서, 은행 - 별도",[null],케이뱅크,기타법인,641,은행 및 저축기관,12,2023-12-31,사업보고서,KRW,ifrs-full_ProfitLossFromOperatingActivities,      영업이익,"16,464,000,000","91,904,000,000","24,491,000,000"
" 포괄손익계산서, 은행 - 별도",[null],케이뱅크,기타법인,641,은행 및 저축기관,12,2023-12-31,사업보고서,KRW,ifrs-full_SellingGeneralAndAdministrativeExpense,      일반관리비,"138,473,000,000","136,991,000,000","123,906,000,000"
" 포괄손익계산서, 은행 - 별도",[004940],하나은행,기타법인,641,은행 및 저축기관,12,2023-12-31,사업보고서,KRW,dart_AdjustedProfitLossNetOfRegulatoryReserveForCreditLoss,      대손준비금 반영후 조정이익,"3,392,739,000,000","3,009,874,000,000","2,069,652,000,000"
" 포괄손익계산서, 은행 - 별도",[004940],하나은행,기타법인,641,은행 및 저축기관,12,2023-12-31,사업보고서,KRW,dart_GainLossFromDerivativesHeldForHedging,      순헤지목적파생상품손익,"24,624,000,000","-72,931,000,000","-47,563,000,000"
" 포괄손익계산서, 은행 - 별도",[004940],하나은행,기타법인,641,은행 및 저축기관,12,2023-12-31,사업보고서,KRW,dart_GainLossFromFinancialInstrumentsAtAmortisedCost,      순상각후원가측정금융자산이익,"3,000,000","4,000,000","20,000,000"
" 포괄손익계산서, 은행 - 별도",[004940],하나은행,기타법인,641,은행 및 저축기관,12,2023-12-31,사업보고서,KRW,dart_GainLossFromFinancialInstrumentsAtFairValueThroughOtherComprehensiveIncome,      순기타포괄손익-공정가치측정금융자산이익,"79,480,000,000","7,013,000,000","79,527,000,000"
" 포괄손익계산서, 은행 - 별도",[004940],하나은행,기타법인,641,은행 및 저축기관,12,2023-12-31,사업보고서,KRW,dart_GainLossFromFinancialInstrumentsAtFairValueThroughProfitOrLoss,      순당기손익-공정가치측정금융상품이익,"484,514,000,000","181,043,000,000","543,352,000,000"
" 포괄손익계산서, 은행 - 별도",[004940],하나은행,기타법인,641,은행 및 저축기관,12,2023-12-31,사업보고서,KRW,dart_NonOperatingProfitLoss,      영업외이익(손실),"-140,177,000,000","-74,175,000,000","-54,684,000,000"
" 포괄손익계산서, 은행 - 별도",[004940],하나은행,기타법인,641,은행 및 저축기관,12,2023-12-31,사업보고서,KRW,dart_NonOperatingExpense,         영업외비용,"189,424,000,000","124,235,000,000","158,807,000,000"
" 포괄손익계산서, 은행 - 별도",[004940],하나은행,기타법인,641,은행 및 저축기관,12,2023-12-31,사업보고서,KRW,dart_NonOperatingIncome,         영업외수익,"49,247,000,000","50,060,000,000","104,123,000,000"
" 포괄손익계산서, 은행 - 별도",[004940],하나은행,기타법인,641,은행 및 저축기관,12,2023-12-31,사업보고서,KRW,dart_OtherOperatingExpense,      기타영업비용,"8,290,224,000,000","7,741,324,000,000","5,389,092,000,000"
" 포괄손익계산서, 은행 - 별도",[004940],하나은행,기타법인,641,은행 및 저축기관,12,2023-12-31,사업보고서,KRW,dart_OtherOperatingIncome,      기타영업수익,"7,851,781,000,000","7,473,504,000,000","4,748,043,000,000"
" 포괄손익계산서, 은행 - 별도",[004940],하나은행,기타법인,641,은행 및 저축기관,12,2023-12-31,사업보고서,KRW,ifrs-full_AdditionalAllowanceRecognisedInProfitOrLossAllowanceAccountForCreditLossesOfFinancialAssets,      신용손실충당금전입액,"538,692,000,000","360,316,000,000","142,014,000,000"
" 포괄손익계산서, 은행 - 별도",[004940],하나은행,기타법인,641,은행 및 저축기관,12,2023-12-31,사업보고서,KRW,ifrs-full_ComprehensiveIncome,      연결총포괄이익,"3,768,987,000,000","2,345,571,000,000","2,134,363,000,000"
" 포괄손익계산서, 은행 - 별도",[004940],하나은행,기타법인,641,은행 및 저축기관,12,2023-12-31,사업보고서,KRW,ifrs-full_BasicEarningsLossPerShare,         기본주당이익,"3,049","2,763","2,211"
" 포괄손익계산서, 은행 - 별도",[004940],하나은행,기타법인,641,은행 및 저축기관,12,2023-12-31,사업보고서,KRW,ifrs-full_DilutedEarningsLossPerShare,         희석주당이익,"3,049","2,763","2,211"
" 포괄손익계산서, 은행 - 별도",[004940],하나은행,기타법인,641,은행 및 저축기관,12,2023-12-31,사업보고서,KRW,ifrs-full_FeeAndCommissionIncomeExpense,      순수수료이익,"658,528,000,000","574,089,000,000","570,015,000,000"
" 포괄손익계산서, 은행 - 별도",[004940],하나은행,기타법인,641,은행 및 저축기관,12,2023-12-31,사업보고서,KRW,ifrs-full_FeeAndCommissionExpense,         수수료비용,"246,722,000,000","255,155,000,000","221,174,000,000"
" 포괄손익계산서, 은행 - 별도",[004940],하나은행,기타법인,641,은행 및 저축기관,12,2023-12-31,사업보고서,KRW,ifrs-full_FeeAndCommissionIncome,         수수료수익,"905,250,000,000","829,244,000,000","791,189,000,000"
" 포괄손익계산서, 은행 - 별도",[004940],하나은행,기타법인,641,은행 및 저축기관,12,2023-12-31,사업보고서,KRW,ifrs-full_IncomeTaxExpenseContinuingOperations,      법인세비용,"1,049,784,000,000","1,011,654,000,000","825,745,000,000"
" 포괄손익계산서, 은행 - 별도",[004940],하나은행,기타법인,641,은행 및 저축기관,12,2023-12-31,사업보고서,KRW,ifrs-full_InterestRevenueExpense,      순이자이익,"7,354,750,000,000","7,046,915,000,000","5,631,733,000,000"
" 포괄손익계산서, 은행 - 별도",[004940],하나은행,기타법인,641,은행 및 저축기관,12,2023-12-31,사업보고서,KRW,ifrs-full_InterestExpense,         이자비용,"11,303,486,000,000","5,337,188,000,000","2,349,944,000,000"
" 포괄손익계산서, 은행 - 별도",[004940],하나은행,기타법인,641,은행 및 저축기관,12,2023-12-31,사업보고서,KRW,ifrs-full_RevenueFromInterest,         이자수익,"18,658,236,000,000","12,384,103,000,000","7,981,677,000,000"
" 포괄손익계산서, 은행 - 별도",[004940],하나은행,기타법인,641,은행 및 저축기관,12,2023-12-31,사업보고서,KRW,ifrs-full_InterestIncomeOnFinancialAssetsDesignatedAtFairValueThroughProfitOrLoss,            당기손익-공정가치측정금융상품이자수익,"124,023,000,000","36,006,000,000","19,944,000,000"
" 포괄손익계산서, 은행 - 별도",[004940],하나은행,기타법인,641,은행 및 저축기관,12,2023-12-31,사업보고서,KRW,ifrs-full_InterestRevenueCalculatedUsingEffectiveInterestMethod,            기타포괄손익-공정가치측정 및 상각후원가측정금융상품이자수익,"18,534,213,000,000","12,348,097,000,000","7,961,733,000,000"
" 포괄손익계산서, 은행 - 별도",[004940],하나은행,기타법인,641,은행 및 저축기관,12,2023-12-31,사업보고서,KRW,ifrs-full_OtherComprehensiveIncome,      기타포괄손익,"476,776,000,000","-640,398,000,000","-245,767,000,000"
" 포괄손익계산서, 은행 - 별도",[004940],하나은행,기타법인,641,은행 및 저축기관,12,2023-12-31,사업보고서,KRW,ifrs-full_OtherComprehensiveIncomeNetOfTaxExchangeDifferencesOnTranslation,            해외사업장환산손익,"12,938,000,000","6,288,000,000","48,699,000,000"
" 포괄손익계산서, 은행 - 별도",[004940],하나은행,기타법인,641,은행 및 저축기관,12,2023-12-31,사업보고서,KRW,ifrs-full_OtherComprehensiveIncomeNetOfTaxFinancialAssetsMeasuredAtFairValueThroughOtherComprehensiveIncome,            기타포괄손익-공정가치측정채무증권평가손익,"562,124,000,000","-578,931,000,000","-302,669,000,000"
" 포괄손익계산서, 은행 - 별도",[004940],하나은행,기타법인,641,은행 및 저축기관,12,2023-12-31,사업보고서,KRW,ifrs-full_OtherComprehensiveIncomeNetOfTaxHedgesOfNetInvestmentsInForeignOperations,            해외사업장순투자위험회피평가손익,"-8,290,000,000","-16,920,000,000","-22,597,000,000"
" 포괄손익계산서, 은행 - 별도",[004940],하나은행,기타법인,641,은행 및 저축기관,12,2023-12-31,사업보고서,KRW,dart_OtherComprehensiveIncomeNetOfTaxGainsLossesOnHedgingInstrument,            공정가치위험회피수단평가손익,,"-11,862,000,000","-14,137,000,000"
" 포괄손익계산서, 은행 - 별도",[004940],하나은행,기타법인,641,은행 및 저축기관,12,2023-12-31,사업보고서,KRW,ifrs-full_OtherComprehensiveIncomeNetOfTaxGainsLossesFromInvestmentsInEquityInstruments,            기타포괄손익-공정가치측정지분증권평가손익,"59,087,000,000","-45,425,000,000","-1,945,000,000"
" 포괄손익계산서, 은행 - 별도",[004940],하나은행,기타법인,641,은행 및 저축기관,12,2023-12-31,사업보고서,KRW,ifrs-full_OtherComprehensiveIncomeNetOfTaxGainsLossesOnRemeasurementsOfDefinedBenefitPlans,            확정급여제도의재측정요소,"-149,083,000,000","6,452,000,000","46,882,000,000"
" 포괄손익계산서, 은행 - 별도",[004940],하나은행,기타법인,641,은행 및 저축기관,12,2023-12-31,사업보고서,KRW,ifrs-full_ProfitLoss,      연결당기순이익,"3,292,211,000,000","2,985,969,000,000","2,380,130,000,000"
" 포괄손익계산서, 은행 - 별도",[004940],하나은행,기타법인,641,은행 및 저축기관,12,2023-12-31,사업보고서,KRW,ifrs-full_ProfitLossBeforeTax,      법인세비용차감전순이익,"4,341,995,000,000","3,997,623,000,000","3,205,875,000,000"
" 포괄손익계산서, 은행 - 별도",[004940],하나은행,기타법인,641,은행 및 저축기관,12,2023-12-31,사업보고서,KRW,ifrs-full_ProfitLossFromOperatingActivities,      영업이익,"4,482,172,000,000","4,071,798,000,000","3,260,559,000,000"
" 포괄손익계산서, 은행 - 별도",[004940],하나은행,기타법인,641,은행 및 저축기관,12,2023-12-31,사업보고서,KRW,ifrs-full_SellingGeneralAndAdministrativeExpense,      일반관리비,"3,142,592,000,000","3,036,199,000,000","2,733,462,000,000"
" 포괄손익계산서, 은행 - 별도",[000110],한국스탠다드차타드은행,기타법인,641,은행 및 저축기관,12,2023-12-31,사업보고서,KRW,dart_AdjustedProfitLossNetOfRegulatoryReserveForCreditLoss,      대손준비금 반영후 조정이익(손실),"423,264,000,000","462,465,000,000","78,170,000,000"
" 포괄손익계산서, 은행 - 별도",[000110],한국스탠다드차타드은행,기타법인,641,은행 및 저축기관,12,2023-12-31,사업보고서,KRW,dart_AdjustmentsForGainsLossesOnChangeInFairValueOfFinancialAssetsAtFairValueThroughProfitOrLossDesignatedAsUponInitialRecognition,      당기손익-공정가치측정지정금융상품 관련순손익,"166,047,000,000","-222,824,000,000","-53,261,000,000"
" 포괄손익계산서, 은행 - 별도",[000110],한국스탠다드차타드은행,기타법인,641,은행 및 저축기관,12,2023-12-31,사업보고서,KRW,dart_GainLossFromFinancialInstrumentsAtFairValueThroughProfitOrLoss,      당기손익-공정가치측정금융상품관련순손익,"561,852,000,000","-618,452,000,000","130,793,000,000"
" 포괄손익계산서, 은행 - 별도",[000110],한국스탠다드차타드은행,기타법인,641,은행 및 저축기관,12,2023-12-31,사업보고서,KRW,dart_NonOperatingProfitLoss,      영업외손익,"25,372,000,000","29,659,000,000","32,199,000,000"
" 포괄손익계산서, 은행 - 별도",[000110],한국스탠다드차타드은행,기타법인,641,은행 및 저축기관,12,2023-12-31,사업보고서,KRW,dart_NonOperatingExpense,         영업외비용,"3,720,000,000","4,395,000,000","7,535,000,000"
" 포괄손익계산서, 은행 - 별도",[000110],한국스탠다드차타드은행,기타법인,641,은행 및 저축기관,12,2023-12-31,사업보고서,KRW,dart_NonOperatingIncome,         영업외수익,"29,092,000,000","34,054,000,000","39,734,000,000"
" 포괄손익계산서, 은행 - 별도",[000110],한국스탠다드차타드은행,기타법인,641,은행 및 저축기관,12,2023-12-31,사업보고서,KRW,entity00148504_udf_IS_2024320204140975OfStatementOfComprehensiveIncomeAbstract,      공정가치위험회피대상 관련순손익,"10,832,000,000","7,137,000,000","-28,980,000,000"
" 포괄손익계산서, 은행 - 별도",[000110],한국스탠다드차타드은행,기타법인,641,은행 및 저축기관,12,2023-12-31,사업보고서,KRW,entity00148504_udf_IS_202432020423594OfStatementOfComprehensiveIncomeAbstract,      금융상품 관련기타순손익,"1,754,000,000","-59,853,000,000","-8,421,000,000"
" 포괄손익계산서, 은행 - 별도",[000110],한국스탠다드차타드은행,기타법인,641,은행 및 저축기관,12,2023-12-31,사업보고서,KRW,entity00148504_udf_IS_2024320204527125OfStatementOfComprehensiveIncomeAbstract,      기타충당금 및  충당부채 순전입액,"-17,883,000,000","-11,032,000,000","-1,586,000,000"
" 포괄손익계산서, 은행 - 별도",[000110],한국스탠다드차타드은행,기타법인,641,은행 및 저축기관,12,2023-12-31,사업보고서,KRW,ifrs-full_AdditionalAllowanceRecognisedInProfitOrLossAllowanceAccountForCreditLossesOfFinancialAssets,      신용손실충당금 순전입액,"138,575,000,000","114,375,000,000","11,367,000,000"
" 포괄손익계산서, 은행 - 별도",[000110],한국스탠다드차타드은행,기타법인,641,은행 및 저축기관,12,2023-12-31,사업보고서,KRW,ifrs-full_ComprehensiveIncome,      총포괄손익,"370,327,000,000","391,410,000,000","92,185,000,000"
" 포괄손익계산서, 은행 - 별도",[000110],한국스탠다드차타드은행,기타법인,641,은행 및 저축기관,12,2023-12-31,사업보고서,KRW,ifrs-full_BasicEarningsLossPerShare,         보통주기본주당이익(손실),"1,230","1,443",450
" 포괄손익계산서, 은행 - 별도",[000110],한국스탠다드차타드은행,기타법인,641,은행 및 저축기관,12,2023-12-31,사업보고서,KRW,ifrs-full_FeeAndCommissionIncomeExpense,      순수수료손익,"197,619,000,000","170,894,000,000","213,390,000,000"
" 포괄손익계산서, 은행 - 별도",[000110],한국스탠다드차타드은행,기타법인,641,은행 및 저축기관,12,2023-12-31,사업보고서,KRW,ifrs-full_FeeAndCommissionExpense,         수수료비용,"95,275,000,000","76,796,000,000","73,196,000,000"
" 포괄손익계산서, 은행 - 별도",[000110],한국스탠다드차타드은행,기타법인,641,은행 및 저축기관,12,2023-12-31,사업보고서,KRW,ifrs-full_FeeAndCommissionIncome,         수수료수익,"292,894,000,000","247,690,000,000","286,586,000,000"
" 포괄손익계산서, 은행 - 별도",[000110],한국스탠다드차타드은행,기타법인,641,은행 및 저축기관,12,2023-12-31,사업보고서,KRW,ifrs-full_GainLossArisingFromDerecognitionOfFinancialAssetsMeasuredAtAmortisedCost,      상각후원가 측정 금융자산 제거 손익,"1,761,000,000","1,301,000,000","6,314,000,000"
" 포괄손익계산서, 은행 - 별도",[000110],한국스탠다드차타드은행,기타법인,641,은행 및 저축기관,12,2023-12-31,사업보고서,KRW,ifrs-full_GainsLossesOnHedgingInstrument,      위험회피파생상품 관련순손익,"-11,222,000,000","-5,851,000,000","29,279,000,000"
" 포괄손익계산서, 은행 - 별도",[000110],한국스탠다드차타드은행,기타법인,641,은행 및 저축기관,12,2023-12-31,사업보고서,KRW,ifrs-full_IncomeTaxExpenseContinuingOperations,      법인세비용,"142,440,000,000","127,262,000,000","47,333,000,000"
" 포괄손익계산서, 은행 - 별도",[000110],한국스탠다드차타드은행,기타법인,641,은행 및 저축기관,12,2023-12-31,사업보고서,KRW,ifrs-full_InterestRevenueExpense,      순이자손익,"1,281,505,000,000","1,220,708,000,000","1,007,492,000,000"
" 포괄손익계산서, 은행 - 별도",[000110],한국스탠다드차타드은행,기타법인,641,은행 및 저축기관,12,2023-12-31,사업보고서,KRW,ifrs-full_InterestExpense,         이자비용,"1,875,438,000,000","1,057,413,000,000","428,038,000,000"
" 포괄손익계산서, 은행 - 별도",[000110],한국스탠다드차타드은행,기타법인,641,은행 및 저축기관,12,2023-12-31,사업보고서,KRW,ifrs-full_RevenueFromInterest,         이자수익,"3,156,943,000,000","2,278,121,000,000","1,435,530,000,000"
" 포괄손익계산서, 은행 - 별도",[000110],한국스탠다드차타드은행,기타법인,641,은행 및 저축기관,12,2023-12-31,사업보고서,KRW,ifrs-full_InterestIncomeOnFinancialAssetsDesignatedAtFairValueThroughProfitOrLoss,            당기손익-공정가치 측정 금융상품 이자수익,"74,263,000,000","37,381,000,000","25,392,000,000"
" 포괄손익계산서, 은행 - 별도",[000110],한국스탠다드차타드은행,기타법인,641,은행 및 저축기관,12,2023-12-31,사업보고서,KRW,ifrs-full_InterestRevenueCalculatedUsingEffectiveInterestMethod,            상각후원가측정 및 기타포괄손익-공정가치 측정 금융상품 이자수익,"3,082,680,000,000","2,240,740,000,000","1,410,138,000,000"
" 포괄손익계산서, 은행 - 별도",[000110],한국스탠다드차타드은행,기타법인,641,은행 및 저축기관,12,2023-12-31,사업보고서,KRW,ifrs-full_NetForeignExchangeGain,      환율변동손익,"-224,218,000,000","621,268,000,000","1,300,000,000"
" 포괄손익계산서, 은행 - 별도",[000110],한국스탠다드차타드은행,기타법인,641,은행 및 저축기관,12,2023-12-31,사업보고서,KRW,ifrs-full_OtherComprehensiveIncome,      기타포괄손익,"29,568,000,000","95,000,000","-30,488,000,000"
" 포괄손익계산서, 은행 - 별도",[000110],한국스탠다드차타드은행,기타법인,641,은행 및 저축기관,12,2023-12-31,사업보고서,KRW,ifrs-full_OtherComprehensiveIncomeNetOfTaxCashFlowHedges,            현금흐름위험회피파생상품평가손익,0,0,"101,000,000"
" 포괄손익계산서, 은행 - 별도",[000110],한국스탠다드차타드은행,기타법인,641,은행 및 저축기관,12,2023-12-31,사업보고서,KRW,ifrs-full_OtherComprehensiveIncomeNetOfTaxFinancialAssetsMeasuredAtFairValueThroughOtherComprehensiveIncome,            기타포괄손익-공정가치측정금융자산관련손익,"44,868,000,000","-19,375,000,000","-19,028,000,000"
" 포괄손익계산서, 은행 - 별도",[000110],한국스탠다드차타드은행,기타법인,641,은행 및 저축기관,12,2023-12-31,사업보고서,KRW,ifrs-full_OtherComprehensiveIncomeNetOfTaxChangeInFairValueOfFinancialLiabilityAttributableToChangeInCreditRiskOfLiability,            당기손익-공정가치측정지정금융부채의 자기신용위험조정,"-235,000,000","-214,000,000","518,000,000"
" 포괄손익계산서, 은행 - 별도",[000110],한국스탠다드차타드은행,기타법인,641,은행 및 저축기관,12,2023-12-31,사업보고서,KRW,ifrs-full_OtherComprehensiveIncomeNetOfTaxGainsLossesOnRemeasurementsOfDefinedBenefitPlans,            확정급여제도의재측정요소,"-15,065,000,000","19,684,000,000","-12,079,000,000"
" 포괄손익계산서, 은행 - 별도",[000110],한국스탠다드차타드은행,기타법인,641,은행 및 저축기관,12,2023-12-31,사업보고서,KRW,ifrs-full_OtherOperatingIncomeExpense,      기타영업손익,"-90,522,000,000","-105,309,000,000","-96,047,000,000"
" 포괄손익계산서, 은행 - 별도",[000110],한국스탠다드차타드은행,기타법인,641,은행 및 저축기관,12,2023-12-31,사업보고서,KRW,ifrs-full_ProfitLoss,      당기순이익(손실),"340,759,000,000","391,315,000,000","122,673,000,000"
" 포괄손익계산서, 은행 - 별도",[000110],한국스탠다드차타드은행,기타법인,641,은행 및 저축기관,12,2023-12-31,사업보고서,KRW,ifrs-full_ProfitLossBeforeTax,      법인세차감전순이익,"483,199,000,000","518,577,000,000","170,006,000,000"
" 포괄손익계산서, 은행 - 별도",[000110],한국스탠다드차타드은행,기타법인,641,은행 및 저축기관,12,2023-12-31,사업보고서,KRW,ifrs-full_ProfitLossFromOperatingActivities,      영업이익(손실),"457,827,000,000","488,918,000,000","137,807,000,000"
" 포괄손익계산서, 은행 - 별도",[000110],한국스탠다드차타드은행,기타법인,641,은행 및 저축기관,12,2023-12-31,사업보고서,KRW,ifrs-full_SellingGeneralAndAdministrativeExpense,      판매비와관리비,"949,029,000,000","840,342,000,000","1,157,621,000,000"
" 포괄손익계산서, 은행 - 별도",[016830],한국씨티은행,기타법인,641,은행 및 저축기관,12,2023-12-31,사업보고서,KRW,dart_AdjustedProfitLossNetOfRegulatoryReserveForCreditLoss,      대손준비금 반영후 조정이익(손실),"337,952,000,000","337,952,000,000","-795,582,000,000"
" 포괄손익계산서, 은행 - 별도",[016830],한국씨티은행,기타법인,641,은행 및 저축기관,12,2023-12-31,사업보고서,KRW,dart_GainLossFromDerivativesHeldForHedging,      파생상품관련손익,"8,892,000,000","269,621,000,000","292,311,000,000"
" 포괄손익계산서, 은행 - 별도",[016830],한국씨티은행,기타법인,641,은행 및 저축기관,12,2023-12-31,사업보고서,KRW,dart_GainLossFromFinancialInstruments,      금융상품관련기타순손익,"33,897,000,000","-21,473,000,000","29,746,000,000"
" 포괄손익계산서, 은행 - 별도",[016830],한국씨티은행,기타법인,641,은행 및 저축기관,12,2023-12-31,사업보고서,KRW,dart_GainLossFromFinancialInstrumentsAtAmortisedCost,         상각후원가측정금융상품관련손익,"28,419,000,000","20,066,000,000","21,622,000,000"
" 포괄손익계산서, 은행 - 별도",[016830],한국씨티은행,기타법인,641,은행 및 저축기관,12,2023-12-31,사업보고서,KRW,dart_GainLossFromFinancialInstrumentsAtFairValueThroughOtherComprehensiveIncome,         기타금융상품관련기타순손익,"5,478,000,000","-41,539,000,000","8,124,000,000"
" 포괄손익계산서, 은행 - 별도",[016830],한국씨티은행,기타법인,641,은행 및 저축기관,12,2023-12-31,사업보고서,KRW,dart_GainLossFromFinancialInstrumentsAtFairValueThroughProfitOrLoss,      당기손익-공정가치측정금융상품관련손익,"62,322,000,000","-100,154,000,000","-2,451,000,000"
" 포괄손익계산서, 은행 - 별도",[016830],한국씨티은행,기타법인,641,은행 및 저축기관,12,2023-12-31,사업보고서,KRW,dart_NonOperatingExpense,      기타비용,"-7,283,000,000","-3,592,000,000","-3,525,000,000"
" 포괄손익계산서, 은행 - 별도",[016830],한국씨티은행,기타법인,641,은행 및 저축기관,12,2023-12-31,사업보고서,KRW,dart_NonOperatingIncome,      기타수익,"5,960,000,000","4,232,000,000","7,800,000,000"
" 포괄손익계산서, 은행 - 별도",[016830],한국씨티은행,기타법인,641,은행 및 저축기관,12,2023-12-31,사업보고서,KRW,dart_OtherOperatingExpense,      기타영업비용,"60,612,000,000","63,388,000,000","69,509,000,000"
" 포괄손익계산서, 은행 - 별도",[016830],한국씨티은행,기타법인,641,은행 및 저축기관,12,2023-12-31,사업보고서,KRW,dart_OtherOperatingIncome,      기타영업수익,"22,239,000,000","23,540,000,000","23,780,000,000"
" 포괄손익계산서, 은행 - 별도",[016830],한국씨티은행,기타법인,641,은행 및 저축기관,12,2023-12-31,사업보고서,KRW,entity00161444_NoiAfterCreditCostOfStatementOfComprehensiveIncomeAbstract,      순영업이익,"988,799,000,000","869,891,000,000","936,679,000,000"
" 포괄손익계산서, 은행 - 별도",[016830],한국씨티은행,기타법인,641,은행 및 저축기관,12,2023-12-31,사업보고서,KRW,entity00161444_udf_IS_2024325111111841OfStatementOfComprehensiveIncomeAbstract,      신용손실반영전순영업이익,"1,124,873,000,000","967,369,000,000","1,028,325,000,000"
" 포괄손익계산서, 은행 - 별도",[016830],한국씨티은행,기타법인,641,은행 및 저축기관,12,2023-12-31,사업보고서,KRW,ifrs-full_AdditionalAllowanceRecognisedInProfitOrLossAllowanceAccountForCreditLossesOfFinancialAssets,      신용손실충당금 전입액,"136,074,000,000","97,478,000,000","91,646,000,000"
" 포괄손익계산서, 은행 - 별도",[016830],한국씨티은행,기타법인,641,은행 및 저축기관,12,2023-12-31,사업보고서,KRW,ifrs-full_ComprehensiveIncome,      당기총포괄이익(손실),"328,073,000,000","163,383,000,000","-805,203,000,000"
" 포괄손익계산서, 은행 - 별도",[016830],한국씨티은행,기타법인,641,은행 및 저축기관,12,2023-12-31,사업보고서,KRW,ifrs-full_BasicEarningsLossPerShare,         기본및희석주당이익(손실),872,459,"-2,501"
" 포괄손익계산서, 은행 - 별도",[016830],한국씨티은행,기타법인,641,은행 및 저축기관,12,2023-12-31,사업보고서,KRW,ifrs-full_EmployeeBenefitsExpense,      종업원급여,"282,640,000,000","303,349,000,000","1,672,702,000,000"
" 포괄손익계산서, 은행 - 별도",[016830],한국씨티은행,기타법인,641,은행 및 저축기관,12,2023-12-31,사업보고서,KRW,ifrs-full_FeeAndCommissionIncomeExpense,      순수수료손익,"2,048,000,000","3,412,000,000","83,584,000,000"
" 포괄손익계산서, 은행 - 별도",[016830],한국씨티은행,기타법인,641,은행 및 저축기관,12,2023-12-31,사업보고서,KRW,ifrs-full_FeeAndCommissionExpense,         수수료비용,"114,406,000,000","113,628,000,000","101,451,000,000"
" 포괄손익계산서, 은행 - 별도",[016830],한국씨티은행,기타법인,641,은행 및 저축기관,12,2023-12-31,사업보고서,KRW,ifrs-full_FeeAndCommissionIncome,         수수료수익,"116,454,000,000","117,040,000,000","185,035,000,000"
" 포괄손익계산서, 은행 - 별도",[016830],한국씨티은행,기타법인,641,은행 및 저축기관,12,2023-12-31,사업보고서,KRW,ifrs-full_IncomeTaxExpenseContinuingOperations,      법인세 수익(비용),"84,511,000,000","67,980,000,000","-258,500,000,000"
" 포괄손익계산서, 은행 - 별도",[016830],한국씨티은행,기타법인,641,은행 및 저축기관,12,2023-12-31,사업보고서,KRW,ifrs-full_InterestRevenueExpense,      순이자손익,"860,638,000,000","837,362,000,000","780,490,000,000"
" 포괄손익계산서, 은행 - 별도",[016830],한국씨티은행,기타법인,641,은행 및 저축기관,12,2023-12-31,사업보고서,KRW,ifrs-full_InterestExpense,         이자비용,"663,528,000,000","370,973,000,000","171,047,000,000"
" 포괄손익계산서, 은행 - 별도",[016830],한국씨티은행,기타법인,641,은행 및 저축기관,12,2023-12-31,사업보고서,KRW,ifrs-full_RevenueFromInterest,         이자수익,"1,524,166,000,000","1,208,335,000,000","951,537,000,000"
" 포괄손익계산서, 은행 - 별도",[016830],한국씨티은행,기타법인,641,은행 및 저축기관,12,2023-12-31,사업보고서,KRW,ifrs-full_NetForeignExchangeGain,      외환거래손익,"195,449,000,000","18,449,000,000","-109,626,000,000"
" 포괄손익계산서, 은행 - 별도",[016830],한국씨티은행,기타법인,641,은행 및 저축기관,12,2023-12-31,사업보고서,KRW,ifrs-full_OtherComprehensiveIncome,      법인세비용차감후 기타포괄손익,"50,480,000,000","17,382,000,000","-9,204,000,000"
" 포괄손익계산서, 은행 - 별도",[016830],한국씨티은행,기타법인,641,은행 및 저축기관,12,2023-12-31,사업보고서,KRW,ifrs-full_OtherComprehensiveIncomeNetOfTaxFinancialAssetsMeasuredAtFairValueThroughOtherComprehensiveIncome,            기타포괄손익-공정가치측정금융자산평가손익,"65,299,000,000","-23,643,000,000","-44,028,000,000"
" 포괄손익계산서, 은행 - 별도",[016830],한국씨티은행,기타법인,641,은행 및 저축기관,12,2023-12-31,사업보고서,KRW,ifrs-full_OtherComprehensiveIncomeNetOfTaxChangeInFairValueOfFinancialLiabilityAttributableToChangeInCreditRiskOfLiability,            당기손익-공정가치측정지정금융부채 신용위험변동효과,"187,000,000","1,845,000,000","-10,000,000"
" 포괄손익계산서, 은행 - 별도",[016830],한국씨티은행,기타법인,641,은행 및 저축기관,12,2023-12-31,사업보고서,KRW,ifrs-full_OtherComprehensiveIncomeNetOfTaxGainsLossesOnRemeasurementsOfDefinedBenefitPlans,            확정급여제도의재측정요소,"-15,006,000,000","39,180,000,000","34,834,000,000"
" 포괄손익계산서, 은행 - 별도",[016830],한국씨티은행,기타법인,641,은행 및 저축기관,12,2023-12-31,사업보고서,KRW,ifrs-full_ProfitLoss,      당기순이익(손실),"277,593,000,000","146,001,000,000","-795,999,000,000"
" 포괄손익계산서, 은행 - 별도",[016830],한국씨티은행,기타법인,641,은행 및 저축기관,12,2023-12-31,사업보고서,KRW,ifrs-full_ProfitLossBeforeTax,      법인세차감전순이익(손실),"362,104,000,000","213,981,000,000","-1,054,499,000,000"
" 포괄손익계산서, 은행 - 별도",[016830],한국씨티은행,기타법인,641,은행 및 저축기관,12,2023-12-31,사업보고서,KRW,ifrs-full_ProfitLossFromOperatingActivities,      영업이익(손실),"363,427,000,000","213,341,000,000","-1,058,774,000,000"
" 포괄손익계산서, 은행 - 별도",[016830],한국씨티은행,기타법인,641,은행 및 저축기관,12,2023-12-31,사업보고서,KRW,ifrs-full_SellingGeneralAndAdministrativeExpense,      일반관리비,"-342,732,000,000","-353,201,000,000","-322,751,000,000"
